--
-- This file is auto-generated by executing all current
-- migrations. Instead of editing this file, please create
-- migrations to incrementally modify the database, and
-- then regenerate this schema file.
--
-- To create a new empty migration, run:
--   node scripts/db migration -- ontology [name] [sql|js]
--
-- To re-generate this file, run:
--   node scripts/db migrate
--

-- Save the current migration number
PRAGMA user_version=1908091209;

-- Load sqlite3 .dump
PRAGMA foreign_keys=OFF;
BEGIN TRANSACTION;
CREATE TABLE vocabularies (
  vocabulary_id   TEXT     NOT NULL PRIMARY KEY,
  prefix          TEXT,
  created         NUMERIC  NOT NULL DEFAULT CURRENT_TIMESTAMP,
  deleted         NUMERIC,
  protected       BOOLEAN  NOT NULL DEFAULT 0,
  title           TEXT,
  description     TEXT,
  comment         TEXT,
  see_also        TEXT,

  CHECK (vocabulary_id != '' AND prefix != ''),
  UNIQUE (prefix)
);
INSERT INTO vocabularies VALUES('https://tropy.org/v1/tropy#','tropy','2019-03-02 21:01:44',NULL,1,'Tropy Vocabulary','The RDF vocabulary for https://tropy.org/v1/tropy defines the core elements used by the Tropy application and Tropy templates.',NULL,NULL);
INSERT INTO vocabularies VALUES('http://www.w3.org/2001/XMLSchema#','xsd','2019-03-02 21:01:44',NULL,1,'XML Schema Definition Language (XSD) Datatypes','XML Schema: Datatypes is part 2 of the specification of the XML Schema language. It defines facilities for defining datatypes to be used in XML Schemas as well as other XML specifications. The datatype language, which is itself represented in XML, provides a superset of the capabilities found in XML document type definitions (DTDs) for specifying datatypes on elements and attributes.',NULL,NULL);
INSERT INTO vocabularies VALUES('http://purl.org/dc/elements/1.1/','dc','2019-03-02 21:01:44',NULL,1,'Dublin Core Metadata Element Set',NULL,NULL,NULL);
INSERT INTO vocabularies VALUES('http://purl.org/dc/terms/','dcterms','2019-03-02 21:01:44',NULL,1,'DCMI Metadata Terms',NULL,NULL,NULL);
INSERT INTO vocabularies VALUES('http://www.w3.org/1999/02/22-rdf-syntax-ns#','rdf','2019-03-02 21:01:44',NULL,1,'RDF Concepts Vocabulary (RDF)','This is the RDF Schema for the RDF vocabulary terms in the RDF Namespace, defined in RDF 1.1 Concepts.',NULL,NULL);
INSERT INTO vocabularies VALUES('http://www.w3.org/2000/01/rdf-schema#','rdfs','2019-03-02 21:01:44',NULL,1,'RDF Schema Vocabulary (RDFS)',NULL,NULL,NULL);
INSERT INTO vocabularies VALUES('http://www.openarchives.org/ore/terms/','ore','2019-03-02 21:01:44',NULL,1,'OAI ORE Terms Vocabulary','The set of terms provided by the OAI ORE initiative',NULL,NULL);
INSERT INTO vocabularies VALUES('http://www.europeana.eu/schemas/edm/','edm','2019-03-02 21:01:44',NULL,1,'Europeana Data Model (EDM) Vocabulary','The Europeana Data Model (EDM) is aimed at being an integration medium for collecting, connecting and enriching the descriptions provided by Europeana data providers. The RDF vocabulary for http://www.europeana.eu/schemas/edm/ defines the elements introduced by EDM (as opposed to the ones EDM re-uses from other namespaces).',NULL,NULL);
INSERT INTO vocabularies VALUES('http://www.w3.org/2003/12/exif/ns#','exif','2019-03-02 21:01:44',NULL,1,'Exif Vocabulary','Vocabulary to describe an Exif format picture data. All Exif 2.2 tags are defined as RDF properties, as well as several terms to help this schema.',NULL,NULL);
INSERT INTO vocabularies VALUES('http://www.w3.org/2004/02/skos/core#','skos','2019-02-20 20:51:13',NULL,1,'SKOS Vocabulary','An RDF vocabulary for describing the basic structure and content of concept schemes such as thesauri, classification schemes, subject heading lists, taxonomies, ''folksonomies'', other types of controlled vocabulary, and also concept schemes embedded in glossaries and terminologies.',NULL,NULL);
INSERT INTO vocabularies VALUES('http://ns.adobe.com/xap/1.0/','xmp','2019-03-02 21:01:44',NULL,1,'XMP Vocabulary','The Extensible Metadata Platform (XMP) basic namespace contains properties that provide basic descriptive information.',NULL,NULL);
INSERT INTO vocabularies VALUES('http://ns.adobe.com/xap/1.0/rights/','xmpRights','2019-03-02 21:01:44',NULL,1,'XMP Rights Management','The  XMP  Rights  Management  namespace  contains  properties  that  provide  information  regarding  the  legalrestrictions associated with a resource.',NULL,NULL);
INSERT INTO vocabularies VALUES('http://ns.adobe.com/xap/1.0/mm/','xmpMM','2019-03-02 21:01:44',NULL,1,'XMP Media Management','The  XMP  Media  Management  namespace  contains  properties  that  provide  information  regarding  theidentification, composition, and history of a resource.',NULL,NULL);
INSERT INTO vocabularies VALUES('http://ns.adobe.com/xmp/identifier/qual/1.0/','xmpidq','2019-03-02 21:01:44',NULL,1,'XMP xmpidq','The xmpidq namespace contains a single qualifier that defines the scheme used in the xmp:Identifier array.',NULL,NULL);
INSERT INTO vocabularies VALUES('http://ns.adobe.com/photoshop/1.0/','photoshop','2019-03-02 21:01:44',NULL,1,'Photoshop Vocabulary','This namespace specifies properties used by Adobe Photoshop.',NULL,NULL);
INSERT INTO vocabularies VALUES('http://iptc.org/std/Iptc4xmpCore/1.0/xmlns/','Iptc4xmpCore','2019-03-02 21:01:44',NULL,1,'IPTC Core Vocabulary','IPTC Photo Metadata provides data about photographs and the values can be processed by software. Each individual metadata entity is called a property and they are grouped into Administrative, Descriptive and Rights-related properties. The IPTC Core schema which is built from properties of the IPTC “Information Interchange Model” (IIM) standard.',NULL,NULL);
INSERT INTO vocabularies VALUES('http://iptc.org/std/Iptc4xmpExt/2008-02-29/','Iptc4xmpExt','2019-03-02 21:01:44',NULL,1,'IPTC Extension Vocabulary','The IPTC Extension schema defines the semantics of a set of metadata properties and their technical expressions by the XMP format.',NULL,NULL);
INSERT INTO vocabularies VALUES('http://ns.useplus.org/ldf/xmp/1.0/','plus','2019-03-02 21:01:44',NULL,1,'PLUS Vocabulary','Picture Licensing Universal System',NULL,NULL);
CREATE TABLE properties (
  property_id     TEXT NOT NULL PRIMARY KEY,
  vocabulary_id   TEXT NOT NULL REFERENCES vocabularies ON DELETE CASCADE,
  domain          TEXT,
  range           TEXT,
  parent          TEXT,
  description     TEXT,
  comment         TEXT,

  CHECK (property_id != '')
);
INSERT INTO properties VALUES('https://tropy.org/v1/tropy#template','https://tropy.org/v1/tropy#',NULL,NULL,NULL,NULL,'A Tropy template.');
INSERT INTO properties VALUES('https://tropy.org/v1/tropy#photo','https://tropy.org/v1/tropy#',NULL,NULL,NULL,NULL,'A photo in Tropy represents a digital image.');
INSERT INTO properties VALUES('https://tropy.org/v1/tropy#selection','https://tropy.org/v1/tropy#',NULL,NULL,NULL,NULL,'A selection in Tropy represents a portion of a photo.');
INSERT INTO properties VALUES('https://tropy.org/v1/tropy#list','https://tropy.org/v1/tropy#',NULL,NULL,NULL,NULL,'A list that contains this item.');
INSERT INTO properties VALUES('https://tropy.org/v1/tropy#tag','https://tropy.org/v1/tropy#',NULL,NULL,NULL,NULL,'A tag applied to this item.');
INSERT INTO properties VALUES('https://tropy.org/v1/tropy#note','https://tropy.org/v1/tropy#',NULL,NULL,NULL,NULL,'A rich-text note.');
INSERT INTO properties VALUES('https://tropy.org/v1/tropy#text','https://tropy.org/v1/tropy#',NULL,NULL,NULL,NULL,'The note''s plain text content.');
INSERT INTO properties VALUES('https://tropy.org/v1/tropy#html','https://tropy.org/v1/tropy#',NULL,NULL,NULL,NULL,'The note''s rich-text content in HTML.');
INSERT INTO properties VALUES('https://tropy.org/v1/tropy#checksum','https://tropy.org/v1/tropy#',NULL,NULL,NULL,NULL,'Checksum of original photo (MD5).');
INSERT INTO properties VALUES('https://tropy.org/v1/tropy#path','https://tropy.org/v1/tropy#',NULL,NULL,NULL,NULL,'Path to original photo.');
INSERT INTO properties VALUES('https://tropy.org/v1/tropy#mimetype','https://tropy.org/v1/tropy#',NULL,NULL,NULL,NULL,'Mime-type of original photo.');
INSERT INTO properties VALUES('https://tropy.org/v1/tropy#orientation','https://tropy.org/v1/tropy#',NULL,NULL,NULL,NULL,'EXIF orientation (angle and mirror) of original photo.');
INSERT INTO properties VALUES('https://tropy.org/v1/tropy#width','https://tropy.org/v1/tropy#',NULL,NULL,NULL,NULL,'Image width in pixels.');
INSERT INTO properties VALUES('https://tropy.org/v1/tropy#height','https://tropy.org/v1/tropy#',NULL,NULL,NULL,NULL,'Image height in pixels.');
INSERT INTO properties VALUES('https://tropy.org/v1/tropy#size','https://tropy.org/v1/tropy#',NULL,NULL,NULL,NULL,'Size of original photo in bytes.');
INSERT INTO properties VALUES('https://tropy.org/v1/tropy#x','https://tropy.org/v1/tropy#',NULL,NULL,NULL,NULL,'Origin X coordinate in original image.');
INSERT INTO properties VALUES('https://tropy.org/v1/tropy#y','https://tropy.org/v1/tropy#',NULL,NULL,NULL,NULL,'Origin Y coordinate in original image.');
INSERT INTO properties VALUES('https://tropy.org/v1/tropy#angle','https://tropy.org/v1/tropy#',NULL,NULL,NULL,NULL,'Rotation adjustment of an image.');
INSERT INTO properties VALUES('https://tropy.org/v1/tropy#brightness','https://tropy.org/v1/tropy#',NULL,NULL,NULL,NULL,'Brightness adjustment of an image.');
INSERT INTO properties VALUES('https://tropy.org/v1/tropy#contrast','https://tropy.org/v1/tropy#',NULL,NULL,NULL,NULL,'Contrast adjustment of an image.');
INSERT INTO properties VALUES('https://tropy.org/v1/tropy#hue','https://tropy.org/v1/tropy#',NULL,NULL,NULL,NULL,'Hue adjustment of an image.');
INSERT INTO properties VALUES('https://tropy.org/v1/tropy#mirror','https://tropy.org/v1/tropy#',NULL,NULL,NULL,NULL,'Mirror adjustment of an image.');
INSERT INTO properties VALUES('https://tropy.org/v1/tropy#negative','https://tropy.org/v1/tropy#',NULL,NULL,NULL,NULL,'Color inversion of an image.');
INSERT INTO properties VALUES('https://tropy.org/v1/tropy#saturation','https://tropy.org/v1/tropy#',NULL,NULL,NULL,NULL,'Saturation adjustment of an image.');
INSERT INTO properties VALUES('https://tropy.org/v1/tropy#sharpen','https://tropy.org/v1/tropy#',NULL,NULL,NULL,NULL,'Intensity of the sharpen filter applied to an image.');
INSERT INTO properties VALUES('https://tropy.org/v1/tropy#box','https://tropy.org/v1/tropy#',NULL,NULL,NULL,NULL,'A unit of archival organization.');
INSERT INTO properties VALUES('https://tropy.org/v1/tropy#folder','https://tropy.org/v1/tropy#',NULL,NULL,NULL,NULL,'A unit of archival organization, usually within a box.');
INSERT INTO properties VALUES('https://tropy.org/v1/tropy#piece','https://tropy.org/v1/tropy#',NULL,NULL,NULL,NULL,'A unit of archival organization, usually within a folder.');
INSERT INTO properties VALUES('https://tropy.org/v1/tropy#collection','https://tropy.org/v1/tropy#',NULL,NULL,NULL,NULL,'A unit of archival organizations.');
INSERT INTO properties VALUES('https://tropy.org/v1/tropy#template-type','https://tropy.org/v1/tropy#',NULL,NULL,NULL,NULL,'The type of object, in Tropy, which the template describes.');
INSERT INTO properties VALUES('https://tropy.org/v1/tropy#domain','https://tropy.org/v1/tropy#',NULL,NULL,NULL,NULL,'Denotes a valid class for the item described by the template.');
INSERT INTO properties VALUES('https://tropy.org/v1/tropy#field','https://tropy.org/v1/tropy#',NULL,NULL,NULL,NULL,'Describes a field in the template.');
INSERT INTO properties VALUES('https://tropy.org/v1/tropy#property','https://tropy.org/v1/tropy#',NULL,NULL,NULL,NULL,'Denotes the field''s property.');
INSERT INTO properties VALUES('https://tropy.org/v1/tropy#datatype','https://tropy.org/v1/tropy#',NULL,NULL,NULL,NULL,'Denotes the field''s suggested datatype.');
INSERT INTO properties VALUES('https://tropy.org/v1/tropy#hint','https://tropy.org/v1/tropy#',NULL,NULL,NULL,NULL,'Describes a field''s intended usage.');
INSERT INTO properties VALUES('https://tropy.org/v1/tropy#isRequired','https://tropy.org/v1/tropy#',NULL,NULL,NULL,NULL,'A flag to mark fields as required.');
INSERT INTO properties VALUES('https://tropy.org/v1/tropy#constant','https://tropy.org/v1/tropy#',NULL,NULL,NULL,NULL,'A field''s constant, pre-filled value.');
INSERT INTO properties VALUES('http://purl.org/dc/elements/1.1/contributor','http://purl.org/dc/elements/1.1/',NULL,NULL,NULL,'Examples of a Contributor include a person, an organization, or a service. Typically, the name of a Contributor should be used to indicate the entity.','An entity responsible for making contributions to the resource.');
INSERT INTO properties VALUES('http://purl.org/dc/elements/1.1/coverage','http://purl.org/dc/elements/1.1/',NULL,NULL,NULL,'Spatial topic and spatial applicability may be a named place or a location specified by its geographic coordinates. Temporal topic may be a named period, date, or date range. A jurisdiction may be a named administrative entity or a geographic place to which the resource applies. Recommended best practice is to use a controlled vocabulary such as the Thesaurus of Geographic Names [TGN]. Where appropriate, named places or time periods can be used in preference to numeric identifiers such as sets of coordinates or date ranges.','The spatial or temporal topic of the resource, the spatial applicability of the resource, or the jurisdiction under which the resource is relevant.');
INSERT INTO properties VALUES('http://purl.org/dc/elements/1.1/creator','http://purl.org/dc/elements/1.1/',NULL,NULL,NULL,'Examples of a Creator include a person, an organization, or a service. Typically, the name of a Creator should be used to indicate the entity.','An entity primarily responsible for making the resource.');
INSERT INTO properties VALUES('http://purl.org/dc/elements/1.1/date','http://purl.org/dc/elements/1.1/',NULL,NULL,NULL,'Date may be used to express temporal information at any level of granularity.  Recommended best practice is to use an encoding scheme, such as the W3CDTF profile of ISO 8601 [W3CDTF].','A point or period of time associated with an event in the lifecycle of the resource.');
INSERT INTO properties VALUES('http://purl.org/dc/elements/1.1/description','http://purl.org/dc/elements/1.1/',NULL,NULL,NULL,'Description may include but is not limited to: an abstract, a table of contents, a graphical representation, or a free-text account of the resource.','An account of the resource.');
INSERT INTO properties VALUES('http://purl.org/dc/elements/1.1/format','http://purl.org/dc/elements/1.1/',NULL,NULL,NULL,'Examples of dimensions include size and duration. Recommended best practice is to use a controlled vocabulary such as the list of Internet Media Types [MIME].','The file format, physical medium, or dimensions of the resource.');
INSERT INTO properties VALUES('http://purl.org/dc/elements/1.1/identifier','http://purl.org/dc/elements/1.1/',NULL,NULL,NULL,'Recommended best practice is to identify the resource by means of a string conforming to a formal identification system. ','An unambiguous reference to the resource within a given context.');
INSERT INTO properties VALUES('http://purl.org/dc/elements/1.1/language','http://purl.org/dc/elements/1.1/',NULL,NULL,NULL,'Recommended best practice is to use a controlled vocabulary such as RFC 4646 [RFC4646].','A language of the resource.');
INSERT INTO properties VALUES('http://purl.org/dc/elements/1.1/publisher','http://purl.org/dc/elements/1.1/',NULL,NULL,NULL,'Examples of a Publisher include a person, an organization, or a service. Typically, the name of a Publisher should be used to indicate the entity.','An entity responsible for making the resource available.');
INSERT INTO properties VALUES('http://purl.org/dc/elements/1.1/relation','http://purl.org/dc/elements/1.1/',NULL,NULL,NULL,'Recommended best practice is to identify the related resource by means of a string conforming to a formal identification system. ','A related resource.');
INSERT INTO properties VALUES('http://purl.org/dc/elements/1.1/rights','http://purl.org/dc/elements/1.1/',NULL,NULL,NULL,'Typically, rights information includes a statement about various property rights associated with the resource, including intellectual property rights.','Information about rights held in and over the resource.');
INSERT INTO properties VALUES('http://purl.org/dc/elements/1.1/source','http://purl.org/dc/elements/1.1/',NULL,NULL,NULL,'The described resource may be derived from the related resource in whole or in part. Recommended best practice is to identify the related resource by means of a string conforming to a formal identification system.','A related resource from which the described resource is derived.');
INSERT INTO properties VALUES('http://purl.org/dc/elements/1.1/subject','http://purl.org/dc/elements/1.1/',NULL,NULL,NULL,'Typically, the subject will be represented using keywords, key phrases, or classification codes. Recommended best practice is to use a controlled vocabulary.','The topic of the resource.');
INSERT INTO properties VALUES('http://purl.org/dc/elements/1.1/title','http://purl.org/dc/elements/1.1/',NULL,NULL,NULL,NULL,'A name given to the resource.');
INSERT INTO properties VALUES('http://purl.org/dc/elements/1.1/type','http://purl.org/dc/elements/1.1/',NULL,NULL,NULL,'Recommended best practice is to use a controlled vocabulary such as the DCMI Type Vocabulary [DCMITYPE]. To describe the file format, physical medium, or dimensions of the resource, use the Format element.','The nature or genre of the resource.');
INSERT INTO properties VALUES('http://purl.org/dc/terms/modified','http://purl.org/dc/terms/',NULL,NULL,NULL,NULL,'Date on which the resource was changed.');
INSERT INTO properties VALUES('http://purl.org/dc/terms/publisher','http://purl.org/dc/terms/',NULL,NULL,NULL,'Examples of a Publisher include a person, an organization, or a service.','An entity responsible for making the resource available.');
INSERT INTO properties VALUES('http://purl.org/dc/terms/title','http://purl.org/dc/terms/',NULL,NULL,NULL,NULL,'A name given to the resource.');
INSERT INTO properties VALUES('http://purl.org/dc/terms/description','http://purl.org/dc/terms/',NULL,NULL,NULL,'Description may include but is not limited to: an abstract, a table of contents, a graphical representation, or a free-text account of the resource.','An account of the resource.');
INSERT INTO properties VALUES('http://purl.org/dc/terms/hasVersion','http://purl.org/dc/terms/',NULL,NULL,NULL,NULL,'A related resource that is a version, edition, or adaptation of the described resource.');
INSERT INTO properties VALUES('http://purl.org/dc/terms/issued','http://purl.org/dc/terms/',NULL,NULL,NULL,NULL,'Date of formal issuance (e.g., publication) of the resource.');
INSERT INTO properties VALUES('http://purl.org/dc/terms/abstract','http://purl.org/dc/terms/',NULL,NULL,NULL,NULL,'A summary of the resource.');
INSERT INTO properties VALUES('http://purl.org/dc/terms/accessRights','http://purl.org/dc/terms/',NULL,NULL,NULL,'Access Rights may include information regarding access or restrictions based on privacy, security, or other policies.','Information about who can access the resource or an indication of its security status.');
INSERT INTO properties VALUES('http://purl.org/dc/terms/rights','http://purl.org/dc/terms/',NULL,NULL,NULL,'Typically, rights information includes a statement about various property rights associated with the resource, including intellectual property rights.','Information about rights held in and over the resource.');
INSERT INTO properties VALUES('http://purl.org/dc/terms/accrualMethod','http://purl.org/dc/terms/',NULL,NULL,NULL,NULL,'The method by which items are added to a collection.');
INSERT INTO properties VALUES('http://purl.org/dc/terms/accrualPeriodicity','http://purl.org/dc/terms/',NULL,NULL,NULL,NULL,'The frequency with which items are added to a collection.');
INSERT INTO properties VALUES('http://purl.org/dc/terms/accrualPolicy','http://purl.org/dc/terms/',NULL,NULL,NULL,NULL,'The policy governing the addition of items to a collection.');
INSERT INTO properties VALUES('http://purl.org/dc/terms/alternative','http://purl.org/dc/terms/',NULL,NULL,NULL,'The distinction between titles and alternative titles is application-specific.','An alternative name for the resource.');
INSERT INTO properties VALUES('http://purl.org/dc/terms/audience','http://purl.org/dc/terms/',NULL,NULL,NULL,NULL,'A class of entity for whom the resource is intended or useful.');
INSERT INTO properties VALUES('http://purl.org/dc/terms/available','http://purl.org/dc/terms/',NULL,NULL,NULL,NULL,'Date (often a range) that the resource became or will become available.');
INSERT INTO properties VALUES('http://purl.org/dc/terms/date','http://purl.org/dc/terms/',NULL,NULL,NULL,'Date may be used to express temporal information at any level of granularity.  Recommended best practice is to use an encoding scheme, such as the W3CDTF profile of ISO 8601 [W3CDTF].','A point or period of time associated with an event in the lifecycle of the resource.');
INSERT INTO properties VALUES('http://purl.org/dc/terms/bibliographicCitation','http://purl.org/dc/terms/',NULL,NULL,NULL,'Recommended practice is to include sufficient bibliographic detail to identify the resource as unambiguously as possible.','A bibliographic reference for the resource.');
INSERT INTO properties VALUES('http://purl.org/dc/terms/identifier','http://purl.org/dc/terms/',NULL,NULL,NULL,'Recommended best practice is to identify the resource by means of a string conforming to a formal identification system. ','An unambiguous reference to the resource within a given context.');
INSERT INTO properties VALUES('http://purl.org/dc/terms/conformsTo','http://purl.org/dc/terms/',NULL,NULL,NULL,NULL,'An established standard to which the described resource conforms.');
INSERT INTO properties VALUES('http://purl.org/dc/terms/relation','http://purl.org/dc/terms/',NULL,NULL,NULL,'Recommended best practice is to identify the related resource by means of a string conforming to a formal identification system. ','A related resource.');
INSERT INTO properties VALUES('http://purl.org/dc/terms/contributor','http://purl.org/dc/terms/',NULL,NULL,NULL,'Examples of a Contributor include a person, an organization, or a service.','An entity responsible for making contributions to the resource.');
INSERT INTO properties VALUES('http://purl.org/dc/terms/coverage','http://purl.org/dc/terms/',NULL,NULL,NULL,'Spatial topic and spatial applicability may be a named place or a location specified by its geographic coordinates. Temporal topic may be a named period, date, or date range. A jurisdiction may be a named administrative entity or a geographic place to which the resource applies. Recommended best practice is to use a controlled vocabulary such as the Thesaurus of Geographic Names [TGN]. Where appropriate, named places or time periods can be used in preference to numeric identifiers such as sets of coordinates or date ranges.','The spatial or temporal topic of the resource, the spatial applicability of the resource, or the jurisdiction under which the resource is relevant.');
INSERT INTO properties VALUES('http://purl.org/dc/terms/created','http://purl.org/dc/terms/',NULL,NULL,NULL,NULL,'Date of creation of the resource.');
INSERT INTO properties VALUES('http://purl.org/dc/terms/creator','http://purl.org/dc/terms/',NULL,NULL,NULL,'Examples of a Creator include a person, an organization, or a service.','An entity primarily responsible for making the resource.');
INSERT INTO properties VALUES('http://purl.org/dc/terms/dateAccepted','http://purl.org/dc/terms/',NULL,NULL,NULL,'Examples of resources to which a Date Accepted may be relevant are a thesis (accepted by a university department) or an article (accepted by a journal).','Date of acceptance of the resource.');
INSERT INTO properties VALUES('http://purl.org/dc/terms/dateCopyrighted','http://purl.org/dc/terms/',NULL,NULL,NULL,NULL,'Date of copyright.');
INSERT INTO properties VALUES('http://purl.org/dc/terms/dateSubmitted','http://purl.org/dc/terms/',NULL,NULL,NULL,'Examples of resources to which a Date Submitted may be relevant are a thesis (submitted to a university department) or an article (submitted to a journal).','Date of submission of the resource.');
INSERT INTO properties VALUES('http://purl.org/dc/terms/educationLevel','http://purl.org/dc/terms/',NULL,NULL,NULL,NULL,'A class of entity, defined in terms of progression through an educational or training context, for which the described resource is intended.');
INSERT INTO properties VALUES('http://purl.org/dc/terms/extent','http://purl.org/dc/terms/',NULL,NULL,NULL,NULL,'The size or duration of the resource.');
INSERT INTO properties VALUES('http://purl.org/dc/terms/format','http://purl.org/dc/terms/',NULL,NULL,NULL,'Examples of dimensions include size and duration. Recommended best practice is to use a controlled vocabulary such as the list of Internet Media Types [MIME].','The file format, physical medium, or dimensions of the resource.');
INSERT INTO properties VALUES('http://purl.org/dc/terms/hasFormat','http://purl.org/dc/terms/',NULL,NULL,NULL,NULL,'A related resource that is substantially the same as the pre-existing described resource, but in another format.');
INSERT INTO properties VALUES('http://purl.org/dc/terms/hasPart','http://purl.org/dc/terms/',NULL,NULL,NULL,NULL,'A related resource that is included either physically or logically in the described resource.');
INSERT INTO properties VALUES('http://purl.org/dc/terms/instructionalMethod','http://purl.org/dc/terms/',NULL,NULL,NULL,'Instructional Method will typically include ways of presenting instructional materials or conducting instructional activities, patterns of learner-to-learner and learner-to-instructor interactions, and mechanisms by which group and individual levels of learning are measured.  Instructional methods include all aspects of the instruction and learning processes from planning and implementation through evaluation and feedback.','A process, used to engender knowledge, attitudes and skills, that the described resource is designed to support.');
INSERT INTO properties VALUES('http://purl.org/dc/terms/isFormatOf','http://purl.org/dc/terms/',NULL,NULL,NULL,NULL,'A related resource that is substantially the same as the described resource, but in another format.');
INSERT INTO properties VALUES('http://purl.org/dc/terms/isPartOf','http://purl.org/dc/terms/',NULL,NULL,NULL,NULL,'A related resource in which the described resource is physically or logically included.');
INSERT INTO properties VALUES('http://purl.org/dc/terms/isReferencedBy','http://purl.org/dc/terms/',NULL,NULL,NULL,NULL,'A related resource that references, cites, or otherwise points to the described resource.');
INSERT INTO properties VALUES('http://purl.org/dc/terms/isReplacedBy','http://purl.org/dc/terms/',NULL,NULL,NULL,NULL,'A related resource that supplants, displaces, or supersedes the described resource.');
INSERT INTO properties VALUES('http://purl.org/dc/terms/isRequiredBy','http://purl.org/dc/terms/',NULL,NULL,NULL,NULL,'A related resource that requires the described resource to support its function, delivery, or coherence.');
INSERT INTO properties VALUES('http://purl.org/dc/terms/isVersionOf','http://purl.org/dc/terms/',NULL,NULL,NULL,'Changes in version imply substantive changes in content rather than differences in format.','A related resource of which the described resource is a version, edition, or adaptation.');
INSERT INTO properties VALUES('http://purl.org/dc/terms/language','http://purl.org/dc/terms/',NULL,NULL,NULL,'Recommended best practice is to use a controlled vocabulary such as RFC 4646 [RFC4646].','A language of the resource.');
INSERT INTO properties VALUES('http://purl.org/dc/terms/license','http://purl.org/dc/terms/',NULL,NULL,NULL,NULL,'A legal document giving official permission to do something with the resource.');
INSERT INTO properties VALUES('http://purl.org/dc/terms/mediator','http://purl.org/dc/terms/',NULL,NULL,NULL,'In an educational context, a mediator might be a parent, teacher, teaching assistant, or care-giver.','An entity that mediates access to the resource and for whom the resource is intended or useful.');
INSERT INTO properties VALUES('http://purl.org/dc/terms/medium','http://purl.org/dc/terms/',NULL,NULL,NULL,NULL,'The material or physical carrier of the resource.');
INSERT INTO properties VALUES('http://purl.org/dc/terms/provenance','http://purl.org/dc/terms/',NULL,NULL,NULL,'The statement may include a description of any changes successive custodians made to the resource.','A statement of any changes in ownership and custody of the resource since its creation that are significant for its authenticity, integrity, and interpretation.');
INSERT INTO properties VALUES('http://purl.org/dc/terms/references','http://purl.org/dc/terms/',NULL,NULL,NULL,NULL,'A related resource that is referenced, cited, or otherwise pointed to by the described resource.');
INSERT INTO properties VALUES('http://purl.org/dc/terms/replaces','http://purl.org/dc/terms/',NULL,NULL,NULL,NULL,'A related resource that is supplanted, displaced, or superseded by the described resource.');
INSERT INTO properties VALUES('http://purl.org/dc/terms/requires','http://purl.org/dc/terms/',NULL,NULL,NULL,NULL,'A related resource that is required by the described resource to support its function, delivery, or coherence.');
INSERT INTO properties VALUES('http://purl.org/dc/terms/rightsHolder','http://purl.org/dc/terms/',NULL,NULL,NULL,NULL,'A person or organization owning or managing rights over the resource.');
INSERT INTO properties VALUES('http://purl.org/dc/terms/source','http://purl.org/dc/terms/',NULL,NULL,NULL,'The described resource may be derived from the related resource in whole or in part. Recommended best practice is to identify the related resource by means of a string conforming to a formal identification system.','A related resource from which the described resource is derived.');
INSERT INTO properties VALUES('http://purl.org/dc/terms/spatial','http://purl.org/dc/terms/',NULL,NULL,NULL,NULL,'Spatial characteristics of the resource.');
INSERT INTO properties VALUES('http://purl.org/dc/terms/subject','http://purl.org/dc/terms/',NULL,NULL,NULL,'Typically, the subject will be represented using keywords, key phrases, or classification codes. Recommended best practice is to use a controlled vocabulary.','The topic of the resource.');
INSERT INTO properties VALUES('http://purl.org/dc/terms/tableOfContents','http://purl.org/dc/terms/',NULL,NULL,NULL,NULL,'A list of subunits of the resource.');
INSERT INTO properties VALUES('http://purl.org/dc/terms/temporal','http://purl.org/dc/terms/',NULL,NULL,NULL,NULL,'Temporal characteristics of the resource.');
INSERT INTO properties VALUES('http://purl.org/dc/terms/type','http://purl.org/dc/terms/',NULL,NULL,NULL,'Recommended best practice is to use a controlled vocabulary such as the DCMI Type Vocabulary [DCMITYPE]. To describe the file format, physical medium, or dimensions of the resource, use the Format element.','The nature or genre of the resource.');
INSERT INTO properties VALUES('http://purl.org/dc/terms/valid','http://purl.org/dc/terms/',NULL,NULL,NULL,NULL,'Date (often a range) of validity of a resource.');
INSERT INTO properties VALUES('http://www.w3.org/1999/02/22-rdf-syntax-ns#type','http://www.w3.org/1999/02/22-rdf-syntax-ns#',NULL,NULL,NULL,NULL,'The subject is an instance of a class.');
INSERT INTO properties VALUES('http://www.w3.org/1999/02/22-rdf-syntax-ns#subject','http://www.w3.org/1999/02/22-rdf-syntax-ns#',NULL,NULL,NULL,NULL,'The subject of the subject RDF statement.');
INSERT INTO properties VALUES('http://www.w3.org/1999/02/22-rdf-syntax-ns#predicate','http://www.w3.org/1999/02/22-rdf-syntax-ns#',NULL,NULL,NULL,NULL,'The predicate of the subject RDF statement.');
INSERT INTO properties VALUES('http://www.w3.org/1999/02/22-rdf-syntax-ns#object','http://www.w3.org/1999/02/22-rdf-syntax-ns#',NULL,NULL,NULL,NULL,'The object of the subject RDF statement.');
INSERT INTO properties VALUES('http://www.w3.org/1999/02/22-rdf-syntax-ns#value','http://www.w3.org/1999/02/22-rdf-syntax-ns#',NULL,NULL,NULL,NULL,'Idiomatic property used for structured values.');
INSERT INTO properties VALUES('http://www.w3.org/1999/02/22-rdf-syntax-ns#first','http://www.w3.org/1999/02/22-rdf-syntax-ns#',NULL,NULL,NULL,NULL,'The first item in the subject RDF list.');
INSERT INTO properties VALUES('http://www.w3.org/1999/02/22-rdf-syntax-ns#rest','http://www.w3.org/1999/02/22-rdf-syntax-ns#',NULL,NULL,NULL,NULL,'The rest of the subject RDF list after the first item.');
INSERT INTO properties VALUES('http://www.w3.org/2000/01/rdf-schema#isDefinedBy','http://www.w3.org/2000/01/rdf-schema#',NULL,NULL,NULL,NULL,'The defininition of the subject resource.');
INSERT INTO properties VALUES('http://www.w3.org/2000/01/rdf-schema#label','http://www.w3.org/2000/01/rdf-schema#',NULL,NULL,NULL,NULL,'A human-readable name for the subject.');
INSERT INTO properties VALUES('http://www.w3.org/2000/01/rdf-schema#comment','http://www.w3.org/2000/01/rdf-schema#',NULL,NULL,NULL,NULL,'A description of the subject resource.');
INSERT INTO properties VALUES('http://www.w3.org/2000/01/rdf-schema#subClassOf','http://www.w3.org/2000/01/rdf-schema#',NULL,NULL,NULL,NULL,'The subject is a subclass of a class.');
INSERT INTO properties VALUES('http://www.w3.org/2000/01/rdf-schema#range','http://www.w3.org/2000/01/rdf-schema#',NULL,NULL,NULL,NULL,'A range of the subject property.');
INSERT INTO properties VALUES('http://www.w3.org/2000/01/rdf-schema#domain','http://www.w3.org/2000/01/rdf-schema#',NULL,NULL,NULL,NULL,'A domain of the subject property.');
INSERT INTO properties VALUES('http://www.w3.org/2000/01/rdf-schema#subPropertyOf','http://www.w3.org/2000/01/rdf-schema#',NULL,NULL,NULL,NULL,'The subject is a subproperty of a property.');
INSERT INTO properties VALUES('http://www.w3.org/2000/01/rdf-schema#seeAlso','http://www.w3.org/2000/01/rdf-schema#',NULL,NULL,NULL,NULL,'Further information about the subject resource.');
INSERT INTO properties VALUES('http://www.w3.org/2000/01/rdf-schema#member','http://www.w3.org/2000/01/rdf-schema#',NULL,NULL,NULL,NULL,'A member of the subject resource.');
INSERT INTO properties VALUES('http://www.openarchives.org/ore/terms/aggregates','http://www.openarchives.org/ore/terms/',NULL,NULL,NULL,NULL,'Aggregations, by definition, aggregate resources. The ore:aggregates relationship expresses that the object resource is a member of the set of Aggregated Resources of the subject (the Aggregation). This relationship between the Aggregation and its Aggregated Resources is thus more specific than a simple part/whole relationship, as expressed by dcterms:hasPart for example.');
INSERT INTO properties VALUES('http://www.openarchives.org/ore/terms/isAggregatedBy','http://www.openarchives.org/ore/terms/',NULL,NULL,NULL,NULL,'The inverse relationship of ore:aggregates, ore:isAggregatedBy asserts that an Aggregated Resource is aggregated by an Aggregation.');
INSERT INTO properties VALUES('http://www.openarchives.org/ore/terms/describes','http://www.openarchives.org/ore/terms/',NULL,NULL,NULL,NULL,'This relationship asserts that the subject (a Resource Map) describes the object (an Aggregation).');
INSERT INTO properties VALUES('http://www.openarchives.org/ore/terms/isDescribedBy','http://www.openarchives.org/ore/terms/',NULL,NULL,NULL,NULL,'The inverse relationship of ore:describes, in this case the object of the relationship is the Resource Map and the subject is the Aggregation which it describes.');
INSERT INTO properties VALUES('http://www.openarchives.org/ore/terms/lineage','http://www.openarchives.org/ore/terms/',NULL,NULL,NULL,NULL,'ore:lineage is a relationship between two Proxy objects, both of which MUST have the same Resource for which they are proxies. The meaning is that the Resource for which the subject of the relationship is a Proxy was discovered in the Aggregation in which the object Proxy''s resource is aggregated.');
INSERT INTO properties VALUES('http://www.openarchives.org/ore/terms/proxyFor','http://www.openarchives.org/ore/terms/',NULL,NULL,NULL,NULL,'Proxy objects are used to represent a Resource as it is aggregated in a particular Aggregation. The ore:proxyFor relationship is used to link the proxy to the Aggregated Resource it is a proxy for. The subject of the relationship is a Proxy object, and the object of the relationship is the Aggregated Resource.');
INSERT INTO properties VALUES('http://www.openarchives.org/ore/terms/proxyIn','http://www.openarchives.org/ore/terms/',NULL,NULL,NULL,NULL,'Proxy objects must link to the Aggregation in which the resource being proxied is aggregated. The ore:proxyIn relationship is used for this purpose. The subject of the relationship is a Proxy object, and the object of the relationship is the Aggregation.');
INSERT INTO properties VALUES('http://www.openarchives.org/ore/terms/similarTo','http://www.openarchives.org/ore/terms/',NULL,NULL,NULL,NULL,'The subject of this relationship MUST be an Aggregation.  This Aggregation should be considered an expression within the ORE context of the object of the relationship, as it is broadly equivalent to the resource. For example, the Aggregation may consist of the resources which, together, make up a journal article which has a DOI assigned to it. The Aggregation is not the article to which the DOI was assigned, but is a representation of it in some manner.');
INSERT INTO properties VALUES('http://www.w3.org/2004/02/skos/core#definition','http://www.w3.org/2004/02/skos/core#',NULL,NULL,NULL,NULL,NULL);
INSERT INTO properties VALUES('http://www.w3.org/2004/02/skos/core#scopeNote','http://www.w3.org/2004/02/skos/core#',NULL,NULL,NULL,NULL,NULL);
INSERT INTO properties VALUES('http://www.w3.org/2004/02/skos/core#example','http://www.w3.org/2004/02/skos/core#',NULL,NULL,NULL,NULL,NULL);
INSERT INTO properties VALUES('http://www.w3.org/2004/02/skos/core#inScheme','http://www.w3.org/2004/02/skos/core#',NULL,NULL,NULL,NULL,NULL);
INSERT INTO properties VALUES('http://www.w3.org/2004/02/skos/core#hasTopConcept','http://www.w3.org/2004/02/skos/core#',NULL,NULL,NULL,NULL,NULL);
INSERT INTO properties VALUES('http://www.w3.org/2004/02/skos/core#topConceptOf','http://www.w3.org/2004/02/skos/core#',NULL,NULL,NULL,NULL,NULL);
INSERT INTO properties VALUES('http://www.w3.org/2004/02/skos/core#prefLabel','http://www.w3.org/2004/02/skos/core#',NULL,NULL,NULL,NULL,'A resource has no more than one value of skos:prefLabel per language tag, and no more than one value of skos:prefLabel without language tag.');
INSERT INTO properties VALUES('http://www.w3.org/2004/02/skos/core#altLabel','http://www.w3.org/2004/02/skos/core#',NULL,NULL,NULL,NULL,'The range of skos:altLabel is the class of RDF plain literals.');
INSERT INTO properties VALUES('http://www.w3.org/2004/02/skos/core#hiddenLabel','http://www.w3.org/2004/02/skos/core#',NULL,NULL,NULL,NULL,'skos:prefLabel, skos:altLabel and skos:hiddenLabel are pairwise disjoint properties.');
INSERT INTO properties VALUES('http://www.w3.org/2004/02/skos/core#note','http://www.w3.org/2004/02/skos/core#',NULL,NULL,NULL,NULL,NULL);
INSERT INTO properties VALUES('http://www.w3.org/2004/02/skos/core#changeNote','http://www.w3.org/2004/02/skos/core#',NULL,NULL,NULL,NULL,NULL);
INSERT INTO properties VALUES('http://www.w3.org/2004/02/skos/core#editorialNote','http://www.w3.org/2004/02/skos/core#',NULL,NULL,NULL,NULL,NULL);
INSERT INTO properties VALUES('http://www.w3.org/2004/02/skos/core#historyNote','http://www.w3.org/2004/02/skos/core#',NULL,NULL,NULL,NULL,NULL);
INSERT INTO properties VALUES('http://www.w3.org/2004/02/skos/core#semanticRelation','http://www.w3.org/2004/02/skos/core#',NULL,NULL,NULL,NULL,NULL);
INSERT INTO properties VALUES('http://www.w3.org/2004/02/skos/core#broader','http://www.w3.org/2004/02/skos/core#',NULL,NULL,NULL,NULL,'Broader concepts are typically rendered as parents in a concept hierarchy (tree).');
INSERT INTO properties VALUES('http://www.w3.org/2004/02/skos/core#narrower','http://www.w3.org/2004/02/skos/core#',NULL,NULL,NULL,NULL,'Narrower concepts are typically rendered as children in a concept hierarchy (tree).');
INSERT INTO properties VALUES('http://www.w3.org/2004/02/skos/core#member','http://www.w3.org/2004/02/skos/core#',NULL,NULL,NULL,NULL,NULL);
INSERT INTO properties VALUES('http://www.w3.org/2004/02/skos/core#mappingRelation','http://www.w3.org/2004/02/skos/core#',NULL,NULL,NULL,NULL,'These concept mapping relations mirror semantic relations, and the data model defined below is similar (with the exception of skos:exactMatch) to the data model defined for semantic relations. A distinct vocabulary is provided for concept mapping relations, to provide a convenient way to differentiate links within a concept scheme from links between concept schemes. However, this pattern of usage is not a formal requirement of the SKOS data model, and relies on informal definitions of best practice.');
INSERT INTO properties VALUES('http://www.w3.org/2004/02/skos/core#broadMatch','http://www.w3.org/2004/02/skos/core#',NULL,NULL,NULL,NULL,NULL);
INSERT INTO properties VALUES('http://www.w3.org/2004/02/skos/core#narrowMatch','http://www.w3.org/2004/02/skos/core#',NULL,NULL,NULL,NULL,NULL);
INSERT INTO properties VALUES('http://www.w3.org/2004/02/skos/core#notation','http://www.w3.org/2004/02/skos/core#',NULL,NULL,NULL,NULL,NULL);
INSERT INTO properties VALUES('http://www.w3.org/2004/02/skos/core#related','http://www.w3.org/2004/02/skos/core#',NULL,NULL,NULL,NULL,'skos:related is disjoint with skos:broaderTransitive');
INSERT INTO properties VALUES('http://www.w3.org/2004/02/skos/core#relatedMatch','http://www.w3.org/2004/02/skos/core#',NULL,NULL,NULL,NULL,NULL);
INSERT INTO properties VALUES('http://www.w3.org/2004/02/skos/core#closeMatch','http://www.w3.org/2004/02/skos/core#',NULL,NULL,NULL,NULL,NULL);
INSERT INTO properties VALUES('http://www.w3.org/2004/02/skos/core#broaderTransitive','http://www.w3.org/2004/02/skos/core#',NULL,NULL,NULL,NULL,NULL);
INSERT INTO properties VALUES('http://www.w3.org/2004/02/skos/core#narrowerTransitive','http://www.w3.org/2004/02/skos/core#',NULL,NULL,NULL,NULL,NULL);
INSERT INTO properties VALUES('http://www.w3.org/2004/02/skos/core#exactMatch','http://www.w3.org/2004/02/skos/core#',NULL,NULL,NULL,NULL,'skos:exactMatch is disjoint with each of the properties skos:broadMatch and skos:relatedMatch.');
INSERT INTO properties VALUES('http://www.w3.org/2004/02/skos/core#memberList','http://www.w3.org/2004/02/skos/core#',NULL,NULL,NULL,NULL,replace('For any resource, every item in the list given as the value of the\n      skos:memberList property is also a value of the skos:member property.','\n',char(10)));
INSERT INTO properties VALUES('http://www.europeana.eu/schemas/edm/hasMet','http://www.europeana.eu/schemas/edm/',NULL,NULL,NULL,NULL,NULL);
INSERT INTO properties VALUES('http://www.europeana.eu/schemas/edm/isRelatedTo','http://www.europeana.eu/schemas/edm/',NULL,NULL,NULL,NULL,NULL);
INSERT INTO properties VALUES('http://www.europeana.eu/schemas/edm/isSimilarTo','http://www.europeana.eu/schemas/edm/',NULL,NULL,NULL,NULL,NULL);
INSERT INTO properties VALUES('http://www.europeana.eu/schemas/edm/isDerivativeOf','http://www.europeana.eu/schemas/edm/',NULL,NULL,NULL,NULL,NULL);
INSERT INTO properties VALUES('http://www.europeana.eu/schemas/edm/country','http://www.europeana.eu/schemas/edm/',NULL,NULL,NULL,NULL,NULL);
INSERT INTO properties VALUES('http://www.europeana.eu/schemas/edm/dataProvider','http://www.europeana.eu/schemas/edm/',NULL,NULL,NULL,NULL,NULL);
INSERT INTO properties VALUES('http://www.europeana.eu/schemas/edm/language','http://www.europeana.eu/schemas/edm/',NULL,NULL,NULL,NULL,replace('The recommended best practice is to use a controlled vocabulary such as\nRFC 4646 (http://www.rfc-archive.org/getrfc.php?rfc=4646) which, in\nconjunction with ISO 639, defines two- and three-letter primary language tags. Either a coded value or text string can be represented here.','\n',char(10)));
INSERT INTO properties VALUES('http://www.europeana.eu/schemas/edm/provider','http://www.europeana.eu/schemas/edm/',NULL,NULL,NULL,NULL,NULL);
INSERT INTO properties VALUES('http://www.europeana.eu/schemas/edm/unstored','http://www.europeana.eu/schemas/edm/',NULL,NULL,NULL,NULL,NULL);
INSERT INTO properties VALUES('http://www.europeana.eu/schemas/edm/userTag','http://www.europeana.eu/schemas/edm/',NULL,NULL,NULL,NULL,NULL);
INSERT INTO properties VALUES('http://www.europeana.eu/schemas/edm/year','http://www.europeana.eu/schemas/edm/',NULL,NULL,NULL,NULL,NULL);
INSERT INTO properties VALUES('http://www.europeana.eu/schemas/edm/aggregatedCHO','http://www.europeana.eu/schemas/edm/',NULL,NULL,NULL,NULL,NULL);
INSERT INTO properties VALUES('http://www.europeana.eu/schemas/edm/happenedAt','http://www.europeana.eu/schemas/edm/',NULL,NULL,NULL,NULL,NULL);
INSERT INTO properties VALUES('http://www.europeana.eu/schemas/edm/currentLocation','http://www.europeana.eu/schemas/edm/',NULL,NULL,NULL,NULL,NULL);
INSERT INTO properties VALUES('http://www.europeana.eu/schemas/edm/hasType','http://www.europeana.eu/schemas/edm/',NULL,NULL,NULL,NULL,NULL);
INSERT INTO properties VALUES('http://www.europeana.eu/schemas/edm/hasView','http://www.europeana.eu/schemas/edm/',NULL,NULL,NULL,NULL,NULL);
INSERT INTO properties VALUES('http://www.europeana.eu/schemas/edm/incorporates','http://www.europeana.eu/schemas/edm/',NULL,NULL,NULL,NULL,NULL);
INSERT INTO properties VALUES('http://www.europeana.eu/schemas/edm/isAnnotationOf','http://www.europeana.eu/schemas/edm/',NULL,NULL,NULL,NULL,NULL);
INSERT INTO properties VALUES('http://www.europeana.eu/schemas/edm/isNextInSequence','http://www.europeana.eu/schemas/edm/',NULL,NULL,NULL,NULL,NULL);
INSERT INTO properties VALUES('http://www.europeana.eu/schemas/edm/isRepresentationOf','http://www.europeana.eu/schemas/edm/',NULL,NULL,NULL,NULL,NULL);
INSERT INTO properties VALUES('http://www.europeana.eu/schemas/edm/isSuccessorOf','http://www.europeana.eu/schemas/edm/',NULL,NULL,NULL,NULL,NULL);
INSERT INTO properties VALUES('http://www.europeana.eu/schemas/edm/landingPage','http://www.europeana.eu/schemas/edm/',NULL,NULL,NULL,NULL,NULL);
INSERT INTO properties VALUES('http://www.europeana.eu/schemas/edm/occurredAt','http://www.europeana.eu/schemas/edm/',NULL,NULL,NULL,NULL,NULL);
INSERT INTO properties VALUES('http://www.europeana.eu/schemas/edm/realizes','http://www.europeana.eu/schemas/edm/',NULL,NULL,NULL,NULL,NULL);
INSERT INTO properties VALUES('http://www.europeana.eu/schemas/edm/wasPresentAt','http://www.europeana.eu/schemas/edm/',NULL,NULL,NULL,NULL,NULL);
INSERT INTO properties VALUES('http://www.europeana.eu/schemas/edm/isShownAt','http://www.europeana.eu/schemas/edm/',NULL,NULL,NULL,NULL,NULL);
INSERT INTO properties VALUES('http://www.europeana.eu/schemas/edm/isShownBy','http://www.europeana.eu/schemas/edm/',NULL,NULL,NULL,NULL,NULL);
INSERT INTO properties VALUES('http://www.europeana.eu/schemas/edm/object','http://www.europeana.eu/schemas/edm/',NULL,NULL,NULL,NULL,NULL);
INSERT INTO properties VALUES('http://www.europeana.eu/schemas/edm/preview','http://www.europeana.eu/schemas/edm/',NULL,NULL,NULL,NULL,NULL);
INSERT INTO properties VALUES('http://www.europeana.eu/schemas/edm/rights','http://www.europeana.eu/schemas/edm/',NULL,NULL,NULL,NULL,NULL);
INSERT INTO properties VALUES('http://www.europeana.eu/schemas/edm/uri','http://www.europeana.eu/schemas/edm/',NULL,NULL,NULL,NULL,NULL);
INSERT INTO properties VALUES('http://www.europeana.eu/schemas/edm/begin','http://www.europeana.eu/schemas/edm/',NULL,NULL,NULL,NULL,NULL);
INSERT INTO properties VALUES('http://www.europeana.eu/schemas/edm/end','http://www.europeana.eu/schemas/edm/',NULL,NULL,NULL,NULL,NULL);
INSERT INTO properties VALUES('http://www.europeana.eu/schemas/edm/type','http://www.europeana.eu/schemas/edm/',NULL,NULL,NULL,NULL,NULL);
INSERT INTO properties VALUES('http://www.europeana.eu/schemas/edm/ugc','http://www.europeana.eu/schemas/edm/',NULL,NULL,NULL,NULL,NULL);
INSERT INTO properties VALUES('http://www.w3.org/2003/12/exif/ns#gpsLatitude','http://www.w3.org/2003/12/exif/ns#',NULL,NULL,NULL,NULL,'The latitude, expressed as three values giving the degrees, minutes, and seconds, respectively.');
INSERT INTO properties VALUES('http://www.w3.org/2003/12/exif/ns#geo','http://www.w3.org/2003/12/exif/ns#',NULL,NULL,NULL,NULL,'Geometric data such as latitude, longitude and altitude. Usually saved as rational number.');
INSERT INTO properties VALUES('http://www.w3.org/2003/12/exif/ns#gpsInfo','http://www.w3.org/2003/12/exif/ns#',NULL,NULL,NULL,NULL,'An attribute relating to GPS information');
INSERT INTO properties VALUES('http://www.w3.org/2003/12/exif/ns#exifdata','http://www.w3.org/2003/12/exif/ns#',NULL,NULL,NULL,NULL,'An Exif IFD data entry');
INSERT INTO properties VALUES('http://www.w3.org/2003/12/exif/ns#gpsLongitudeRef','http://www.w3.org/2003/12/exif/ns#',NULL,NULL,NULL,NULL,'Indicates whether the longitude is east or west longitude. ASCII ''E'' indicates east longitude, and ''W'' is west longitude.');
INSERT INTO properties VALUES('http://www.w3.org/2003/12/exif/ns#gpsDestBearingRef','http://www.w3.org/2003/12/exif/ns#',NULL,NULL,NULL,NULL,'Indicates the reference used for giving the bearing to the destination point. ''T'' denotes true direction and ''M'' is magnetic direction.');
INSERT INTO properties VALUES('http://www.w3.org/2003/12/exif/ns#gpsImgDirection','http://www.w3.org/2003/12/exif/ns#',NULL,NULL,NULL,NULL,'The direction of the image when it was captured. The range of values is from 0.00 to 359.99.');
INSERT INTO properties VALUES('http://www.w3.org/2003/12/exif/ns#samplesPerPixel','http://www.w3.org/2003/12/exif/ns#',NULL,NULL,NULL,NULL,'The number of components per pixel. Since this standard applies to RGB and YCbCr images, the value set for this tag is 3. In JPEG compressed data a JPEG marker is used instead of this tag.');
INSERT INTO properties VALUES('http://www.w3.org/2003/12/exif/ns#imageDataStruct','http://www.w3.org/2003/12/exif/ns#',NULL,NULL,NULL,NULL,'An attribute relating to image data structure');
INSERT INTO properties VALUES('http://www.w3.org/2003/12/exif/ns#lightSource','http://www.w3.org/2003/12/exif/ns#',NULL,NULL,NULL,NULL,'Light source such as Daylight, Tungsten, Flash etc.');
INSERT INTO properties VALUES('http://www.w3.org/2003/12/exif/ns#pictTaking','http://www.w3.org/2003/12/exif/ns#',NULL,NULL,NULL,NULL,'An attribute relating to Picture-Taking Conditions');
INSERT INTO properties VALUES('http://www.w3.org/2003/12/exif/ns#height','http://www.w3.org/2003/12/exif/ns#',NULL,NULL,NULL,NULL,'Height of an object');
INSERT INTO properties VALUES('http://www.w3.org/2003/12/exif/ns#length','http://www.w3.org/2003/12/exif/ns#',NULL,NULL,NULL,NULL,'Length of an object. Could be a subProperty of other general schema.');
INSERT INTO properties VALUES('http://www.w3.org/2003/12/exif/ns#yCbCrSubSampling','http://www.w3.org/2003/12/exif/ns#',NULL,NULL,NULL,NULL,'The sampling ratio of chrominance components in relation to the luminance component. In JPEG compressed data a JPEG marker is used instead of this tag.');
INSERT INTO properties VALUES('http://www.w3.org/2003/12/exif/ns#imageDataCharacter','http://www.w3.org/2003/12/exif/ns#',NULL,NULL,NULL,NULL,'An attribute relating to image data characteristics');
INSERT INTO properties VALUES('http://www.w3.org/2003/12/exif/ns#exifAttribute','http://www.w3.org/2003/12/exif/ns#',NULL,NULL,NULL,NULL,'A property that connects an IFD to one of its entries. Super property which integrates all Exif tags.');
INSERT INTO properties VALUES('http://www.w3.org/2003/12/exif/ns#isoSpeedRatings','http://www.w3.org/2003/12/exif/ns#',NULL,NULL,NULL,NULL,'Indicates the ISO Speed and ISO Latitude of the camera or input device as specified in ISO 12232.');
INSERT INTO properties VALUES('http://www.w3.org/2003/12/exif/ns#gainControl','http://www.w3.org/2003/12/exif/ns#',NULL,NULL,NULL,NULL,'The degree of overall image gain adjustment.');
INSERT INTO properties VALUES('http://www.w3.org/2003/12/exif/ns#transferFunction','http://www.w3.org/2003/12/exif/ns#',NULL,NULL,NULL,NULL,'A transfer function for the image, described in tabular style. Normally this tag is not necessary, since color space is specified in the color space information tag (ColorSpace).');
INSERT INTO properties VALUES('http://www.w3.org/2003/12/exif/ns#mm','http://www.w3.org/2003/12/exif/ns#',NULL,NULL,NULL,NULL,'A length with unit of mm');
INSERT INTO properties VALUES('http://www.w3.org/2003/12/exif/ns#versionInfo','http://www.w3.org/2003/12/exif/ns#',NULL,NULL,NULL,NULL,'An attribute relating to Version');
INSERT INTO properties VALUES('http://www.w3.org/2003/12/exif/ns#exposureIndex','http://www.w3.org/2003/12/exif/ns#',NULL,NULL,NULL,NULL,'The exposure index selected on the camera or input device at the time the image is captured.');
INSERT INTO properties VALUES('http://www.w3.org/2003/12/exif/ns#referenceBlackWhite','http://www.w3.org/2003/12/exif/ns#',NULL,NULL,NULL,NULL,'The reference black point value and reference white point value. The color space is declared in a color space information tag, with the default being the value that gives the optimal image characteristics Interoperability these conditions.');
INSERT INTO properties VALUES('http://www.w3.org/2003/12/exif/ns#sensingMethod','http://www.w3.org/2003/12/exif/ns#',NULL,NULL,NULL,NULL,'The image sensor type on the camera or input device, such as One-chip color area sensor etc.');
INSERT INTO properties VALUES('http://www.w3.org/2003/12/exif/ns#pimColorBalance','http://www.w3.org/2003/12/exif/ns#',NULL,NULL,NULL,NULL,'ColorBalance info for print image matching');
INSERT INTO properties VALUES('http://www.w3.org/2003/12/exif/ns#pimInfo','http://www.w3.org/2003/12/exif/ns#',NULL,NULL,NULL,NULL,'An attribute relating to print image matching');
INSERT INTO properties VALUES('http://www.w3.org/2003/12/exif/ns#gpsLatitudeRef','http://www.w3.org/2003/12/exif/ns#',NULL,NULL,NULL,NULL,'Indicates whether the latitude is north or south latitude. The ASCII value ''N'' indicates north latitude, and ''S'' is south latitude.');
INSERT INTO properties VALUES('http://www.w3.org/2003/12/exif/ns#yResolution','http://www.w3.org/2003/12/exif/ns#',NULL,NULL,NULL,NULL,'The number of pixels per ResolutionUnit in the ImageLength direction. The same value as XResolution is designated.');
INSERT INTO properties VALUES('http://www.w3.org/2003/12/exif/ns#resolution','http://www.w3.org/2003/12/exif/ns#',NULL,NULL,NULL,NULL,'a rational number representing a resolution. Could be a subProperty of other general schema.');
INSERT INTO properties VALUES('http://www.w3.org/2003/12/exif/ns#yCbCrCoefficients','http://www.w3.org/2003/12/exif/ns#',NULL,NULL,NULL,NULL,'The matrix coefficients for transformation from RGB to YCbCr image data.');
INSERT INTO properties VALUES('http://www.w3.org/2003/12/exif/ns#stripByteCounts','http://www.w3.org/2003/12/exif/ns#',NULL,NULL,NULL,NULL,'The total number of bytes in each strip. With JPEG compressed data this designation is not needed and is omitted.');
INSERT INTO properties VALUES('http://www.w3.org/2003/12/exif/ns#recOffset','http://www.w3.org/2003/12/exif/ns#',NULL,NULL,NULL,NULL,'An attribute relating to recording offset');
INSERT INTO properties VALUES('http://www.w3.org/2003/12/exif/ns#artist','http://www.w3.org/2003/12/exif/ns#',NULL,NULL,NULL,NULL,'Person who created the image');
INSERT INTO properties VALUES('http://www.w3.org/2003/12/exif/ns#gpsDateStamp','http://www.w3.org/2003/12/exif/ns#',NULL,NULL,NULL,NULL,'date and time information relative to UTC (Coordinated Universal Time). The record format is "YYYY:MM:DD" while converted to W3C-DTF to use in RDF');
INSERT INTO properties VALUES('http://www.w3.org/2003/12/exif/ns#date','http://www.w3.org/2003/12/exif/ns#',NULL,NULL,NULL,NULL,'a date information. Usually saved as YYYY:MM:DD (HH:MM:SS) format in Exif data, but represented here as W3C-DTF format');
INSERT INTO properties VALUES('http://www.w3.org/2003/12/exif/ns#pimBrightness','http://www.w3.org/2003/12/exif/ns#',NULL,NULL,NULL,NULL,'Brightness info for print image matching');
INSERT INTO properties VALUES('http://www.w3.org/2003/12/exif/ns#shutterSpeedValue','http://www.w3.org/2003/12/exif/ns#',NULL,NULL,NULL,NULL,'Shutter speed. The unit is the APEX (Additive System of Photographic Exposure) setting');
INSERT INTO properties VALUES('http://www.w3.org/2003/12/exif/ns#focalPlaneXResolution','http://www.w3.org/2003/12/exif/ns#',NULL,NULL,NULL,NULL,'The number of pixels in the image width (X) direction per FocalPlaneResolutionUnit on the camera focal plane.');
INSERT INTO properties VALUES('http://www.w3.org/2003/12/exif/ns#gpsDestDistance','http://www.w3.org/2003/12/exif/ns#',NULL,NULL,NULL,NULL,'The distance to the destination point.');
INSERT INTO properties VALUES('http://www.w3.org/2003/12/exif/ns#subjectLocation','http://www.w3.org/2003/12/exif/ns#',NULL,NULL,NULL,NULL,'The location of the main subject in the scene. The value of this tag represents the pixel at the center of the main subject relative to the left edge, prior to rotation processing as per the Rotation tag. The first value indicates the X column number and second indicates the Y row number.');
INSERT INTO properties VALUES('http://www.w3.org/2003/12/exif/ns#subjectDistanceRange','http://www.w3.org/2003/12/exif/ns#',NULL,NULL,NULL,NULL,'The distance to the subject, such as Macro, Close View or Distant View.');
INSERT INTO properties VALUES('http://www.w3.org/2003/12/exif/ns#interoperabilityIndex','http://www.w3.org/2003/12/exif/ns#',NULL,NULL,NULL,NULL,'Indicates the identification of the Interoperability rule. ''R98'' = conforming to R98 file specification of Recommended Exif Interoperability Rules (ExifR98) or to DCF basic file stipulated by Design Rule for Camera File System. ''THM'' = conforming to DCF thumbnail file stipulated by Design rule for Camera File System.');
INSERT INTO properties VALUES('http://www.w3.org/2003/12/exif/ns#interopInfo','http://www.w3.org/2003/12/exif/ns#',NULL,NULL,NULL,NULL,replace('An attribute relating to Interoperability. Tags stored in\nInteroperability IFD may be defined dependently to each Interoperability rule.','\n',char(10)));
INSERT INTO properties VALUES('http://www.w3.org/2003/12/exif/ns#imageWidth','http://www.w3.org/2003/12/exif/ns#',NULL,NULL,NULL,NULL,'Image width. The number of columns of image data, equal to the number of pixels per row. In JPEG compressed data a JPEG marker is used instead of this tag.');
INSERT INTO properties VALUES('http://www.w3.org/2003/12/exif/ns#width','http://www.w3.org/2003/12/exif/ns#',NULL,NULL,NULL,NULL,'Width of an object');
INSERT INTO properties VALUES('http://www.w3.org/2003/12/exif/ns#software','http://www.w3.org/2003/12/exif/ns#',NULL,NULL,NULL,NULL,'The name and version of the software or firmware of the camera or image input device used to generate the image.');
INSERT INTO properties VALUES('http://www.w3.org/2003/12/exif/ns#flash','http://www.w3.org/2003/12/exif/ns#',NULL,NULL,NULL,NULL,'The status of flash when the image was shot.');
INSERT INTO properties VALUES('http://www.w3.org/2003/12/exif/ns#gpsSpeed','http://www.w3.org/2003/12/exif/ns#',NULL,NULL,NULL,NULL,'The speed of GPS receiver movement.');
INSERT INTO properties VALUES('http://www.w3.org/2003/12/exif/ns#gpsDOP','http://www.w3.org/2003/12/exif/ns#',NULL,NULL,NULL,NULL,'The GPS DOP (data degree of precision). An HDOP value is written during two-dimensional measurement, and PDOP during three-dimensional measurement.');
INSERT INTO properties VALUES('http://www.w3.org/2003/12/exif/ns#customRendered','http://www.w3.org/2003/12/exif/ns#',NULL,NULL,NULL,NULL,'The use of special processing on image data, such as rendering geared to output. When special processing is performed, the reader is expected to disable or minimize any further processing.');
INSERT INTO properties VALUES('http://www.w3.org/2003/12/exif/ns#gpsDestLatitude','http://www.w3.org/2003/12/exif/ns#',NULL,NULL,NULL,NULL,'Latitude of destination, expressed as three values giving the degrees, minutes, and seconds, respectively.');
INSERT INTO properties VALUES('http://www.w3.org/2003/12/exif/ns#gpsSatellites','http://www.w3.org/2003/12/exif/ns#',NULL,NULL,NULL,NULL,'The GPS satellites used for measurements. This tag can be used to describe the number of satellites, their ID number, angle of elevation, azimuth, SNR and other information in ASCII notation. The format is not specified. If the GPS receiver is incapable of taking measurements, value of the tag shall be set to NULL.');
INSERT INTO properties VALUES('http://www.w3.org/2003/12/exif/ns#subSecTimeOriginal','http://www.w3.org/2003/12/exif/ns#',NULL,NULL,NULL,NULL,'DateTimeOriginal subseconds');
INSERT INTO properties VALUES('http://www.w3.org/2003/12/exif/ns#dateAndOrTime','http://www.w3.org/2003/12/exif/ns#',NULL,NULL,NULL,NULL,'An attribute relating to Date and/or Time');
INSERT INTO properties VALUES('http://www.w3.org/2003/12/exif/ns#make','http://www.w3.org/2003/12/exif/ns#',NULL,NULL,NULL,NULL,'Manufacturer of image input equipment');
INSERT INTO properties VALUES('http://www.w3.org/2003/12/exif/ns#whiteBalance','http://www.w3.org/2003/12/exif/ns#',NULL,NULL,NULL,NULL,'The white balance mode set when the image was shot.');
INSERT INTO properties VALUES('http://www.w3.org/2003/12/exif/ns#apertureValue','http://www.w3.org/2003/12/exif/ns#',NULL,NULL,NULL,NULL,'The lens aperture. The unit is the APEX value.');
INSERT INTO properties VALUES('http://www.w3.org/2003/12/exif/ns#gpsAltitude','http://www.w3.org/2003/12/exif/ns#',NULL,NULL,NULL,NULL,'The altitude based on the reference in GPSAltitudeRef. Altitude is expressed as one RATIONAL value. The reference unit is meters.');
INSERT INTO properties VALUES('http://www.w3.org/2003/12/exif/ns#gpsDifferential','http://www.w3.org/2003/12/exif/ns#',NULL,NULL,NULL,NULL,'Indicates whether differential correction is applied to the GPS receiver.');
INSERT INTO properties VALUES('http://www.w3.org/2003/12/exif/ns#flashEnergy','http://www.w3.org/2003/12/exif/ns#',NULL,NULL,NULL,NULL,'The strobe energy at the time the image is captured, as measured in Beam Candle Power Seconds (BCPS).');
INSERT INTO properties VALUES('http://www.w3.org/2003/12/exif/ns#relatedImageLength','http://www.w3.org/2003/12/exif/ns#',NULL,NULL,NULL,NULL,'Related image length');
INSERT INTO properties VALUES('http://www.w3.org/2003/12/exif/ns#cfaPattern','http://www.w3.org/2003/12/exif/ns#',NULL,NULL,NULL,NULL,'The color filter array (CFA) geometric pattern of the image sensor when a one-chip color area sensor is used. It does not apply to all sensing methods.');
INSERT INTO properties VALUES('http://www.w3.org/2003/12/exif/ns#exposureMode','http://www.w3.org/2003/12/exif/ns#',NULL,NULL,NULL,NULL,'the exposure mode set when the image was shot. In auto-bracketing mode, the camera shoots a series of frames of the same scene at different exposure settings.');
INSERT INTO properties VALUES('http://www.w3.org/2003/12/exif/ns#fileSource','http://www.w3.org/2003/12/exif/ns#',NULL,NULL,NULL,NULL,'The image source. If a DSC recorded the image, this tag value of this tag always be set to 3, indicating that the image was recorded on a DSC.');
INSERT INTO properties VALUES('http://www.w3.org/2003/12/exif/ns#gpsDestLongitudeRef','http://www.w3.org/2003/12/exif/ns#',NULL,NULL,NULL,NULL,'Reference for longitude of destination');
INSERT INTO properties VALUES('http://www.w3.org/2003/12/exif/ns#focalLengthIn35mmFilm','http://www.w3.org/2003/12/exif/ns#',NULL,NULL,NULL,NULL,'The equivalent focal length assuming a 35mm film camera, in mm. A value of 0 means the focal length is unknown. Note that this tag differs from the FocalLength tag.');
INSERT INTO properties VALUES('http://www.w3.org/2003/12/exif/ns#tagid','http://www.w3.org/2003/12/exif/ns#',NULL,NULL,NULL,NULL,'The Exif tag number with context prefix, such as IFD type or maker name');
INSERT INTO properties VALUES('http://www.w3.org/2003/12/exif/ns#tag_number','http://www.w3.org/2003/12/exif/ns#',NULL,NULL,NULL,NULL,'The Exif tag number');
INSERT INTO properties VALUES('http://www.w3.org/2003/12/exif/ns#saturation','http://www.w3.org/2003/12/exif/ns#',NULL,NULL,NULL,NULL,'The direction of saturation processing applied by the camera when the image was shot.');
INSERT INTO properties VALUES('http://www.w3.org/2003/12/exif/ns#gpsDestDistanceRef','http://www.w3.org/2003/12/exif/ns#',NULL,NULL,NULL,NULL,'Indicates the unit used to express the distance to the destination point. ''K'', ''M'' and ''N'' represent kilometers, miles and knots.');
INSERT INTO properties VALUES('http://www.w3.org/2003/12/exif/ns#compressedBitsPerPixel','http://www.w3.org/2003/12/exif/ns#',NULL,NULL,NULL,NULL,'Information specific to compressed data. The compression mode used for a compressed image is indicated in unit bits per pixel.');
INSERT INTO properties VALUES('http://www.w3.org/2003/12/exif/ns#imageConfig','http://www.w3.org/2003/12/exif/ns#',NULL,NULL,NULL,NULL,'An attribute relating to Image Configuration');
INSERT INTO properties VALUES('http://www.w3.org/2003/12/exif/ns#focalLength','http://www.w3.org/2003/12/exif/ns#',NULL,NULL,NULL,NULL,'The actual focal length of the lens, in mm. Conversion is not made to the focal length of a 35 mm film camera.');
INSERT INTO properties VALUES('http://www.w3.org/2003/12/exif/ns#dateTime','http://www.w3.org/2003/12/exif/ns#',NULL,NULL,NULL,NULL,'The date and time of image creation. In this standard it is the date and time the file was changed.');
INSERT INTO properties VALUES('http://www.w3.org/2003/12/exif/ns#gpsInfo_IFD_Pointer','http://www.w3.org/2003/12/exif/ns#',NULL,NULL,NULL,NULL,'A pointer to the GPS IFD, which is a set of tags for recording GPS information.');
INSERT INTO properties VALUES('http://www.w3.org/2003/12/exif/ns#ifdPointer','http://www.w3.org/2003/12/exif/ns#',NULL,NULL,NULL,NULL,'A tag that refers a child IFD');
INSERT INTO properties VALUES('http://www.w3.org/2003/12/exif/ns#jpegInterchangeFormat','http://www.w3.org/2003/12/exif/ns#',NULL,NULL,NULL,NULL,'The offset to the start byte (SOI) of JPEG compressed thumbnail data. This is not used for primary image JPEG data.');
INSERT INTO properties VALUES('http://www.w3.org/2003/12/exif/ns#exposureProgram','http://www.w3.org/2003/12/exif/ns#',NULL,NULL,NULL,NULL,'The class of the program used by the camera to set exposure when the picture is taken.');
INSERT INTO properties VALUES('http://www.w3.org/2003/12/exif/ns#sceneType','http://www.w3.org/2003/12/exif/ns#',NULL,NULL,NULL,NULL,'The type of scene. If a DSC recorded the image, this tag value shall always be set to 1, indicating that the image was directly photographed.');
INSERT INTO properties VALUES('http://www.w3.org/2003/12/exif/ns#bitsPerSample','http://www.w3.org/2003/12/exif/ns#',NULL,NULL,NULL,NULL,'The number of bits per image component. In this standard each component of the image is 8 bits, so the value for this tag is 8. See also SamplesPerPixel. In JPEG compressed data a JPEG marker is used instead of this tag.');
INSERT INTO properties VALUES('http://www.w3.org/2003/12/exif/ns#exifVersion','http://www.w3.org/2003/12/exif/ns#',NULL,NULL,NULL,NULL,'Exif Version');
INSERT INTO properties VALUES('http://www.w3.org/2003/12/exif/ns#focalPlaneYResolution','http://www.w3.org/2003/12/exif/ns#',NULL,NULL,NULL,NULL,'The number of pixels in the image height (Y) direction per FocalPlaneResolutionUnit on the camera focal plane.');
INSERT INTO properties VALUES('http://www.w3.org/2003/12/exif/ns#brightnessValue','http://www.w3.org/2003/12/exif/ns#',NULL,NULL,NULL,NULL,'The value of brightness. The unit is the APEX value. Ordinarily it is given in the range of -99.99 to 99.99. Note that if the numerator of the recorded value is FFFFFFFF.H, Unknown shall be indicated.');
INSERT INTO properties VALUES('http://www.w3.org/2003/12/exif/ns#flashpixVersion','http://www.w3.org/2003/12/exif/ns#',NULL,NULL,NULL,NULL,'The Flashpix format version supported by a FPXR file. If the FPXR function supports Flashpix format Ver. 1.0, this is indicated similarly to ExifVersion by recording "0100" as 4-byte ASCII.');
INSERT INTO properties VALUES('http://www.w3.org/2003/12/exif/ns#gpsVersionID','http://www.w3.org/2003/12/exif/ns#',NULL,NULL,NULL,NULL,'The version of GPSInfoIFD. The version is given as 2.2.0.0. This tag is mandatory when GPSInfo tag is present.');
INSERT INTO properties VALUES('http://www.w3.org/2003/12/exif/ns#deviceSettingDescription','http://www.w3.org/2003/12/exif/ns#',NULL,NULL,NULL,NULL,'Information on the picture-taking conditions of a particular camera model. The tag is used only to indicate the picture-taking conditions in the reader.');
INSERT INTO properties VALUES('http://www.w3.org/2003/12/exif/ns#gpsTrackRef','http://www.w3.org/2003/12/exif/ns#',NULL,NULL,NULL,NULL,'The reference for giving the direction of GPS receiver movement. ''T'' denotes true direction and ''M'' is magnetic direction.');
INSERT INTO properties VALUES('http://www.w3.org/2003/12/exif/ns#gpsSpeedRef','http://www.w3.org/2003/12/exif/ns#',NULL,NULL,NULL,NULL,'The unit used to express the GPS receiver speed of movement. ''K'' ''M'' and ''N'' represents kilometers per hour, miles per hour, and knots.');
INSERT INTO properties VALUES('http://www.w3.org/2003/12/exif/ns#meteringMode','http://www.w3.org/2003/12/exif/ns#',NULL,NULL,NULL,NULL,'Metering mode, such as CenterWeightedAverage, Spot, MultiSpot,Pattern, Partial etc.');
INSERT INTO properties VALUES('http://www.w3.org/2003/12/exif/ns#exposureTime','http://www.w3.org/2003/12/exif/ns#',NULL,NULL,NULL,NULL,'Exposure time, given in seconds (sec).');
INSERT INTO properties VALUES('http://www.w3.org/2003/12/exif/ns#seconds','http://www.w3.org/2003/12/exif/ns#',NULL,NULL,NULL,NULL,'a mesurement of time length with unit of second');
INSERT INTO properties VALUES('http://www.w3.org/2003/12/exif/ns#gpsDestBearing','http://www.w3.org/2003/12/exif/ns#',NULL,NULL,NULL,NULL,'The bearing to the destination point. The range of values is from 0.00 to 359.99.');
INSERT INTO properties VALUES('http://www.w3.org/2003/12/exif/ns#compression','http://www.w3.org/2003/12/exif/ns#',NULL,NULL,NULL,NULL,'The compression scheme used for the image data. When a primary image is JPEG compressed, this designation is not necessary and is omitted. When thumbnails use JPEG compression, this tag value is set to 6.');
INSERT INTO properties VALUES('http://www.w3.org/2003/12/exif/ns#sceneCaptureType','http://www.w3.org/2003/12/exif/ns#',NULL,NULL,NULL,NULL,'The type of scene that was shot. It can also be used to record the mode in which the image was shot, such as Landscape, Portrait etc. Note that this differs from the scene type (SceneType) tag.');
INSERT INTO properties VALUES('http://www.w3.org/2003/12/exif/ns#pimContrast','http://www.w3.org/2003/12/exif/ns#',NULL,NULL,NULL,NULL,'Contrast info for print image matching');
INSERT INTO properties VALUES('http://www.w3.org/2003/12/exif/ns#relatedFile','http://www.w3.org/2003/12/exif/ns#',NULL,NULL,NULL,NULL,'Tag Relating to Related File Information');
INSERT INTO properties VALUES('http://www.w3.org/2003/12/exif/ns#_unknown','http://www.w3.org/2003/12/exif/ns#',NULL,NULL,NULL,NULL,'An Exif tag whose meaning is not known');
INSERT INTO properties VALUES('http://www.w3.org/2003/12/exif/ns#dateTimeOriginal','http://www.w3.org/2003/12/exif/ns#',NULL,NULL,NULL,NULL,'The date and time when the original image data was generated. For a DSC the date and time the picture was taken are recorded.');
INSERT INTO properties VALUES('http://www.w3.org/2003/12/exif/ns#gpsAltitudeRef','http://www.w3.org/2003/12/exif/ns#',NULL,NULL,NULL,NULL,'Indicates the altitude used as the reference altitude. If the reference is sea level and the altitude is above sea level, 0 is given. If the altitude is below sea level, a value of 1 is given and the altitude is indicated as an absolute value in the GPSAltitude tag. The reference unit is meters.');
INSERT INTO properties VALUES('http://www.w3.org/2003/12/exif/ns#yCbCrPositioning','http://www.w3.org/2003/12/exif/ns#',NULL,NULL,NULL,NULL,'The position of chrominance components in relation to the luminance component. This field is designated only for JPEG compressed data or uncompressed YCbCr data.');
INSERT INTO properties VALUES('http://www.w3.org/2003/12/exif/ns#oecf','http://www.w3.org/2003/12/exif/ns#',NULL,NULL,NULL,NULL,'Indicates the Opto-Electric Conversion Function (OECF) specified in ISO 14524. OECF is the relationship between the camera optical input and the image values.');
INSERT INTO properties VALUES('http://www.w3.org/2003/12/exif/ns#model','http://www.w3.org/2003/12/exif/ns#',NULL,NULL,NULL,NULL,'Model of image input equipment');
INSERT INTO properties VALUES('http://www.w3.org/2003/12/exif/ns#pimSaturation','http://www.w3.org/2003/12/exif/ns#',NULL,NULL,NULL,NULL,'Saturation info for print image matching');
INSERT INTO properties VALUES('http://www.w3.org/2003/12/exif/ns#gpsAreaInformation','http://www.w3.org/2003/12/exif/ns#',NULL,NULL,NULL,NULL,'A character string recording the name of the GPS area. The first byte indicates the character code used, and this is followed by the name of the GPS area.');
INSERT INTO properties VALUES('http://www.w3.org/2003/12/exif/ns#colorSpace','http://www.w3.org/2003/12/exif/ns#',NULL,NULL,NULL,NULL,'The color space information tag (ColorSpace) is always recorded as the color space specifier. Normally sRGB (=1) is used to define the color space based on the PC monitor conditions and environment.');
INSERT INTO properties VALUES('http://www.w3.org/2003/12/exif/ns#pixelXDimension','http://www.w3.org/2003/12/exif/ns#',NULL,NULL,NULL,NULL,'Information specific to compressed data. When a compressed file is recorded, the valid width of the meaningful image shall be recorded in this tag, whether or not there is padding data or a restart marker. This tag should not exist in an uncompressed file.');
INSERT INTO properties VALUES('http://www.w3.org/2003/12/exif/ns#printImageMatching_IFD_Pointer','http://www.w3.org/2003/12/exif/ns#',NULL,NULL,NULL,NULL,'A pointer to the print image matching IFD');
INSERT INTO properties VALUES('http://www.w3.org/2003/12/exif/ns#planarConfiguration','http://www.w3.org/2003/12/exif/ns#',NULL,NULL,NULL,NULL,'Indicates whether pixel components are recorded in chunky or planar format. In JPEG compressed files a JPEG marker is used instead of this tag. If this field does not exist, the TIFF default of 1 (chunky) is assumed.');
INSERT INTO properties VALUES('http://www.w3.org/2003/12/exif/ns#gpsTrack','http://www.w3.org/2003/12/exif/ns#',NULL,NULL,NULL,NULL,'The direction of GPS receiver movement. The range of values is from 0.00 to 359.99.');
INSERT INTO properties VALUES('http://www.w3.org/2003/12/exif/ns#photometricInterpretation','http://www.w3.org/2003/12/exif/ns#',NULL,NULL,NULL,NULL,'Pixel composition. In JPEG compressed data a JPEG marker is used instead of this tag.');
INSERT INTO properties VALUES('http://www.w3.org/2003/12/exif/ns#pimSharpness','http://www.w3.org/2003/12/exif/ns#',NULL,NULL,NULL,NULL,'Sharpness info for print image matching');
INSERT INTO properties VALUES('http://www.w3.org/2003/12/exif/ns#spectralSensitivity','http://www.w3.org/2003/12/exif/ns#',NULL,NULL,NULL,NULL,'Indicates the spectral sensitivity of each channel of the camera used. The tag value is an ASCII string compatible with the standard developed by the ASTM Technical committee.');
INSERT INTO properties VALUES('http://www.w3.org/2003/12/exif/ns#focalPlaneResolutionUnit','http://www.w3.org/2003/12/exif/ns#',NULL,NULL,NULL,NULL,'The unit for measuring FocalPlaneXResolution and FocalPlaneYResolution. This value is the same as the ResolutionUnit.');
INSERT INTO properties VALUES('http://www.w3.org/2003/12/exif/ns#exif_IFD_Pointer','http://www.w3.org/2003/12/exif/ns#',NULL,NULL,NULL,NULL,'A pointer to the Exif IFD, which is a set of tags for recording Exif-specific attribute information.');
INSERT INTO properties VALUES('http://www.w3.org/2003/12/exif/ns#meter','http://www.w3.org/2003/12/exif/ns#',NULL,NULL,NULL,NULL,'A length with unit of meter');
INSERT INTO properties VALUES('http://www.w3.org/2003/12/exif/ns#contrast','http://www.w3.org/2003/12/exif/ns#',NULL,NULL,NULL,NULL,'The direction of contrast processing applied by the camera when the image was shot.');
INSERT INTO properties VALUES('http://www.w3.org/2003/12/exif/ns#subjectArea','http://www.w3.org/2003/12/exif/ns#',NULL,NULL,NULL,NULL,'The location and area of the main subject in the overall scene.');
INSERT INTO properties VALUES('http://www.w3.org/2003/12/exif/ns#spatialFrequencyResponse','http://www.w3.org/2003/12/exif/ns#',NULL,NULL,NULL,NULL,'This tag records the camera or input device spatial frequency table and SFR values in the direction of image width, image height, and diagonal direction, as specified in ISO 12233.');
INSERT INTO properties VALUES('http://www.w3.org/2003/12/exif/ns#subjectDistance','http://www.w3.org/2003/12/exif/ns#',NULL,NULL,NULL,NULL,'The distance to the subject, given in meters. Note that if the numerator of the recorded value is FFFFFFFF.H, Infinity shall be indicated; and if the numerator is 0, Distance unknown shall be indicated.');
INSERT INTO properties VALUES('http://www.w3.org/2003/12/exif/ns#imageDescription','http://www.w3.org/2003/12/exif/ns#',NULL,NULL,NULL,NULL,'A character string giving the title of the image. It may be a comment such as "1988 company picnic" or the like. Two-byte character codes cannot be used. When a 2-byte code is necessary, the Exif Private tag UserComment is to be used.');
INSERT INTO properties VALUES('http://www.w3.org/2003/12/exif/ns#gpsMapDatum','http://www.w3.org/2003/12/exif/ns#',NULL,NULL,NULL,NULL,'The geodetic survey data used by the GPS receiver. If the survey data is restricted to Japan, the value of this tag is ''TOKYO'' or ''WGS-84''. If a GPS Info tag is recorded, it is strongly recommended that this tag be recorded.');
INSERT INTO properties VALUES('http://www.w3.org/2003/12/exif/ns#subSecTime','http://www.w3.org/2003/12/exif/ns#',NULL,NULL,NULL,NULL,'DateTime subseconds');
INSERT INTO properties VALUES('http://www.w3.org/2003/12/exif/ns#gpsImgDirectionRef','http://www.w3.org/2003/12/exif/ns#',NULL,NULL,NULL,NULL,'The reference for giving the direction of the image when it is captured. ''T'' denotes true direction and ''M'' is magnetic direction.');
INSERT INTO properties VALUES('http://www.w3.org/2003/12/exif/ns#gpsLongitude','http://www.w3.org/2003/12/exif/ns#',NULL,NULL,NULL,NULL,'The longitude, expressed as three values giving the degrees, minutes, and seconds, respectively.');
INSERT INTO properties VALUES('http://www.w3.org/2003/12/exif/ns#maxApertureValue','http://www.w3.org/2003/12/exif/ns#',NULL,NULL,NULL,NULL,'The smallest F number of the lens. The unit is the APEX value. Ordinarily it is given in the range of 00.00 to 99.99, but it is not limited to this range.');
INSERT INTO properties VALUES('http://www.w3.org/2003/12/exif/ns#dateTimeDigitized','http://www.w3.org/2003/12/exif/ns#',NULL,NULL,NULL,NULL,'The date and time when the image was stored as digital data. If, for example, an image was captured by DSC and at the same time the file was recorded, then the DateTimeOriginal and DateTimeDigitized will have the same contents.');
INSERT INTO properties VALUES('http://www.w3.org/2003/12/exif/ns#gpsStatus','http://www.w3.org/2003/12/exif/ns#',NULL,NULL,NULL,NULL,'The status of the GPS receiver when the image is recorded. ''A'' means measurement is in progress, and ''V'' means the measurement is Interoperability.');
INSERT INTO properties VALUES('http://www.w3.org/2003/12/exif/ns#digitalZoomRatio','http://www.w3.org/2003/12/exif/ns#',NULL,NULL,NULL,NULL,'The digital zoom ratio when the image was shot. If the numerator of the recorded value is 0, this indicates that digital zoom was not used.');
INSERT INTO properties VALUES('http://www.w3.org/2003/12/exif/ns#relatedImageWidth','http://www.w3.org/2003/12/exif/ns#',NULL,NULL,NULL,NULL,'Related image width');
INSERT INTO properties VALUES('http://www.w3.org/2003/12/exif/ns#datatype','http://www.w3.org/2003/12/exif/ns#',NULL,NULL,NULL,NULL,'The Exif field data type, such as ascii, byte, short etc.');
INSERT INTO properties VALUES('http://www.w3.org/2003/12/exif/ns#gpsTimeStamp','http://www.w3.org/2003/12/exif/ns#',NULL,NULL,NULL,NULL,'The time as UTC (Coordinated Universal Time). TimeStamp is expressed as three RATIONAL values giving the hour, minute, and second.');
INSERT INTO properties VALUES('http://www.w3.org/2003/12/exif/ns#stripOffsets','http://www.w3.org/2003/12/exif/ns#',NULL,NULL,NULL,NULL,'For each strip, the byte offset of that strip. With JPEG compressed data this designation is not needed and is omitted.');
INSERT INTO properties VALUES('http://www.w3.org/2003/12/exif/ns#xResolution','http://www.w3.org/2003/12/exif/ns#',NULL,NULL,NULL,NULL,'The number of pixels per ResolutionUnit in the ImageWidth direction. When the image resolution is unknown, 72 [dpi] is designated.');
INSERT INTO properties VALUES('http://www.w3.org/2003/12/exif/ns#imageLength','http://www.w3.org/2003/12/exif/ns#',NULL,NULL,NULL,NULL,'Image height. The number of rows of image data. In JPEG compressed data a JPEG marker is used.');
INSERT INTO properties VALUES('http://www.w3.org/2003/12/exif/ns#primaryChromaticities','http://www.w3.org/2003/12/exif/ns#',NULL,NULL,NULL,NULL,'The chromaticity of the three primary colors of the image. Normally this tag is not necessary, since color space is specified in the color space information tag (ColorSpace).');
INSERT INTO properties VALUES('http://www.w3.org/2003/12/exif/ns#interoperability_IFD_Pointer','http://www.w3.org/2003/12/exif/ns#',NULL,NULL,NULL,NULL,'A pointer to the Interoperability IFD, which is composed of tags storing the information to ensure the Interoperability');
INSERT INTO properties VALUES('http://www.w3.org/2003/12/exif/ns#gpsDestLongitude','http://www.w3.org/2003/12/exif/ns#',NULL,NULL,NULL,NULL,'Longitude of destination, expressed as three values giving the degrees, minutes, and seconds, respectively.');
INSERT INTO properties VALUES('http://www.w3.org/2003/12/exif/ns#userInfo','http://www.w3.org/2003/12/exif/ns#',NULL,NULL,NULL,NULL,'An attribute relating to User Information');
INSERT INTO properties VALUES('http://www.w3.org/2003/12/exif/ns#relatedSoundFile','http://www.w3.org/2003/12/exif/ns#',NULL,NULL,NULL,NULL,'Related audio file');
INSERT INTO properties VALUES('http://www.w3.org/2003/12/exif/ns#whitePoint','http://www.w3.org/2003/12/exif/ns#',NULL,NULL,NULL,NULL,'The chromaticity of the white point of the image. Normally this tag is not necessary, since color space is specified in the color space information tag (ColorSpace).');
INSERT INTO properties VALUES('http://www.w3.org/2003/12/exif/ns#orientation','http://www.w3.org/2003/12/exif/ns#',NULL,NULL,NULL,NULL,'The image orientation viewed in terms of rows and columns.');
INSERT INTO properties VALUES('http://www.w3.org/2003/12/exif/ns#subSecTimeDigitized','http://www.w3.org/2003/12/exif/ns#',NULL,NULL,NULL,NULL,'DateTimeDigitized subseconds');
INSERT INTO properties VALUES('http://www.w3.org/2003/12/exif/ns#userComment','http://www.w3.org/2003/12/exif/ns#',NULL,NULL,NULL,NULL,'A tag for Exif users to write keywords or comments on the image besides those in ImageDescription, and without the character code limitations of the ImageDescription tag. The character code used in the UserComment tag is identified based on an ID code in a fixed 8-byte area at the start of the tag data area.');
INSERT INTO properties VALUES('http://www.w3.org/2003/12/exif/ns#gpsDestLatitudeRef','http://www.w3.org/2003/12/exif/ns#',NULL,NULL,NULL,NULL,'Reference for latitude of destination');
INSERT INTO properties VALUES('http://www.w3.org/2003/12/exif/ns#relatedImageFileFormat','http://www.w3.org/2003/12/exif/ns#',NULL,NULL,NULL,NULL,'Related image file format');
INSERT INTO properties VALUES('http://www.w3.org/2003/12/exif/ns#resolutionUnit','http://www.w3.org/2003/12/exif/ns#',NULL,NULL,NULL,NULL,'The unit for measuring XResolution and YResolution. The same unit is used for both XResolution and YResolution. If the image resolution in unknown, 2 (inches) is designated.');
INSERT INTO properties VALUES('http://www.w3.org/2003/12/exif/ns#makerNote','http://www.w3.org/2003/12/exif/ns#',NULL,NULL,NULL,NULL,'Manufacturer notes');
INSERT INTO properties VALUES('http://www.w3.org/2003/12/exif/ns#copyright','http://www.w3.org/2003/12/exif/ns#',NULL,NULL,NULL,NULL,'Copyright information. In this standard the tag is used to indicate both the photographer and editor copyrights. It is the copyright notice of the person or organization claiming rights to the image.');
INSERT INTO properties VALUES('http://www.w3.org/2003/12/exif/ns#subseconds','http://www.w3.org/2003/12/exif/ns#',NULL,NULL,NULL,NULL,'A tag used to record fractions of seconds for a date property');
INSERT INTO properties VALUES('http://www.w3.org/2003/12/exif/ns#rowsPerStrip','http://www.w3.org/2003/12/exif/ns#',NULL,NULL,NULL,NULL,'The number of rows per strip. This is the number of rows in the image of one strip when an image is divided into strips. With JPEG compressed data this designation is not needed and is omitted.');
INSERT INTO properties VALUES('http://www.w3.org/2003/12/exif/ns#pixelYDimension','http://www.w3.org/2003/12/exif/ns#',NULL,NULL,NULL,NULL,'Information specific to compressed data. When a compressed file is recorded, the valid height of the meaningful image shall be recorded in this tag, whether or not there is padding data or a restart marker. This tag should not exist in an uncompressed file. Since data padding is unnecessary in the vertical direction, the number of lines recorded in this valid image height tag will in fact be the same as that recorded in the SOF.');
INSERT INTO properties VALUES('http://www.w3.org/2003/12/exif/ns#gpsMeasureMode','http://www.w3.org/2003/12/exif/ns#',NULL,NULL,NULL,NULL,'The GPS measurement mode. ''2'' means two-dimensional measurement and ''3'' means three-dimensional measurement is in progress.');
INSERT INTO properties VALUES('http://www.w3.org/2003/12/exif/ns#gpsProcessingMethod','http://www.w3.org/2003/12/exif/ns#',NULL,NULL,NULL,NULL,'A character string recording the name of the method used for location finding. The first byte indicates the character code used, and this is followed by the name of the method.');
INSERT INTO properties VALUES('http://www.w3.org/2003/12/exif/ns#imageUniqueID','http://www.w3.org/2003/12/exif/ns#',NULL,NULL,NULL,NULL,'An identifier assigned uniquely to each image. It is recorded as an ASCII string equivalent to hexadecimal notation and 128-bit fixed length.');
INSERT INTO properties VALUES('http://www.w3.org/2003/12/exif/ns#sharpness','http://www.w3.org/2003/12/exif/ns#',NULL,NULL,NULL,NULL,'The direction of sharpness processing applied by the camera when the image was shot.');
INSERT INTO properties VALUES('http://www.w3.org/2003/12/exif/ns#jpegInterchangeFormatLength','http://www.w3.org/2003/12/exif/ns#',NULL,NULL,NULL,NULL,'The number of bytes of JPEG compressed thumbnail data. This is not used for primary image JPEG data.');
INSERT INTO properties VALUES('http://www.w3.org/2003/12/exif/ns#fNumber','http://www.w3.org/2003/12/exif/ns#',NULL,NULL,NULL,NULL,'F number');
INSERT INTO properties VALUES('http://www.w3.org/2003/12/exif/ns#componentsConfiguration','http://www.w3.org/2003/12/exif/ns#',NULL,NULL,NULL,NULL,'Information specific to compressed data. The channels of each component are arranged in order from the 1st component to the 4th. For uncompressed data the data arrangement is given in the PhotometricInterpretation tag. However, since PhotometricInterpretation can only express the order of Y,Cb and Cr, this tag is provided for cases when compressed data uses components other than Y, Cb, and Cr and to enable support of other sequences.');
INSERT INTO properties VALUES('http://www.w3.org/2003/12/exif/ns#exposureBiasValue','http://www.w3.org/2003/12/exif/ns#',NULL,NULL,NULL,NULL,'The exposure bias. The unit is the APEX value. Ordinarily it is given in the range of -99.99 to 99.99.');
INSERT INTO properties VALUES('http://www.w3.org/2003/12/exif/ns#interoperabilityVersion','http://www.w3.org/2003/12/exif/ns#',NULL,NULL,NULL,NULL,'Interoperability Version');
INSERT INTO properties VALUES('http://ns.adobe.com/xap/1.0/CreateDate','http://ns.adobe.com/xap/1.0/',NULL,NULL,NULL,NULL,'The date and time the resource was created. For a digital file, this need not match a file-system creation time. For a freshly created resource, it should be close to that time, modulo the time taken to write the file. Later file transfer, copying, and so on, can make the file-system time arbitrarily different.');
INSERT INTO properties VALUES('http://ns.adobe.com/xap/1.0/CreatorTool','http://ns.adobe.com/xap/1.0/',NULL,NULL,NULL,NULL,'The name of the first known tool used to create the resource.');
INSERT INTO properties VALUES('http://ns.adobe.com/xap/1.0/Identifier','http://ns.adobe.com/xap/1.0/',NULL,NULL,NULL,NULL,'An unordered array of text strings that unambiguously identify the resource within a given context. An array item may be qualified with xmpidq:Scheme (see 8.7, “xmpidq namespace”) to denote the formal identification system to which that identifier conforms. The xmp:Identifier property was added because dc:identifier has been defined in the original XMP specification as a single identifier instead of as an array, and changing dc:identifier to an array would break compatibility with existing XMP processors.');
INSERT INTO properties VALUES('http://ns.adobe.com/xap/1.0/Label','http://ns.adobe.com/xap/1.0/',NULL,NULL,NULL,NULL,'A word or short phrase that identifies a resource as a member of a user-defined collection. One anticipated usage is to organize resources in a file browser.');
INSERT INTO properties VALUES('http://ns.adobe.com/xap/1.0/MetadataDate','http://ns.adobe.com/xap/1.0/',NULL,NULL,NULL,NULL,'The date and time that any metadata for this resource was last changed. It should be the same as or more recent than xmp:ModifyDate. ');
INSERT INTO properties VALUES('http://ns.adobe.com/xap/1.0/ModifyDate','http://ns.adobe.com/xap/1.0/',NULL,NULL,NULL,NULL,'The date and time the resource was last modified. The value of this property is not necessarily the same as the file’s system modification date because it is typically set before the file is saved.');
INSERT INTO properties VALUES('http://ns.adobe.com/xap/1.0/Rating','http://ns.adobe.com/xap/1.0/',NULL,NULL,NULL,NULL,'A user-assigned rating for this file. The value shall be -1 or in the range [0..5], where -1 indicates “rejected” and 0 indicates “unrated”. If xmp:Ratingis not present, a value of 0 should be assumed. Anticipated usage is for a typical “star rating” UI, with the addition of a notion of rejection.');
INSERT INTO properties VALUES('http://ns.adobe.com/xap/1.0/rights/Certificate','http://ns.adobe.com/xap/1.0/rights/',NULL,NULL,NULL,NULL,'A Web URL for a rights management certificate.');
INSERT INTO properties VALUES('http://ns.adobe.com/xap/1.0/rights/Marked','http://ns.adobe.com/xap/1.0/rights/',NULL,NULL,NULL,NULL,'When true, indicates that this is a rights-managed resource. When false, indicates that this is a public-domain resource. Omit if the state is unknown.');
INSERT INTO properties VALUES('http://ns.adobe.com/xap/1.0/rights/Owner','http://ns.adobe.com/xap/1.0/rights/',NULL,NULL,NULL,NULL,'A list of legal owners of the resource.');
INSERT INTO properties VALUES('http://ns.adobe.com/xap/1.0/rights/UsageTerms','http://ns.adobe.com/xap/1.0/rights/',NULL,NULL,NULL,NULL,'A collection of text instructions on how a resource can be legally used, given in a variety of languages.');
INSERT INTO properties VALUES('http://ns.adobe.com/xap/1.0/rights/WebStatement','http://ns.adobe.com/xap/1.0/rights/',NULL,NULL,NULL,NULL,'A Web URL for a statement of the ownership and usage rights for this resource.');
INSERT INTO properties VALUES('http://ns.adobe.com/xap/1.0/mm/DerivedFrom','http://ns.adobe.com/xap/1.0/mm/',NULL,NULL,NULL,NULL,'A reference to the resource from which this one is derived. This should be a minimal reference, in which missing components can be assumed to be unchanged. See definitions of rendition (3.7) and version (3.9).');
INSERT INTO properties VALUES('http://ns.adobe.com/xap/1.0/mm/DocumentID','http://ns.adobe.com/xap/1.0/mm/',NULL,NULL,NULL,NULL,'The common identifier for all versions and renditions of a resource.');
INSERT INTO properties VALUES('http://ns.adobe.com/xap/1.0/mm/InstanceID','http://ns.adobe.com/xap/1.0/mm/',NULL,NULL,NULL,NULL,'An identifier for a specific incarnation of a resource, updated each time a file is saved. ');
INSERT INTO properties VALUES('http://ns.adobe.com/xap/1.0/mm/OriginalDocumentID','http://ns.adobe.com/xap/1.0/mm/',NULL,NULL,NULL,NULL,'The common identifier for the original resource from which the current resource is derived. For example, if you save a resource to a different format, then save that one to another format, each save operation should generate a new xmpMM:DocumentID that uniquely identifies the resource in that format, but should retain the ID of the source file here.');
INSERT INTO properties VALUES('http://ns.adobe.com/xap/1.0/mm/RenditionClass','http://ns.adobe.com/xap/1.0/mm/',NULL,NULL,NULL,NULL,'The rendition class name for this resource. This property should be absent or set to default for a resource that is not a derived rendition.');
INSERT INTO properties VALUES('http://ns.adobe.com/xap/1.0/mm/RenditionParams','http://ns.adobe.com/xap/1.0/mm/',NULL,NULL,NULL,NULL,'Can be used to provide additional rendition parameters that are too complex or verbose to encode in xmpMM:RenditionClass.');
INSERT INTO properties VALUES('http://ns.adobe.com/xmp/identifier/qual/1.0/Scheme','http://ns.adobe.com/xmp/identifier/qual/1.0/',NULL,NULL,NULL,NULL,'A qualifier providing the name of the formal identification scheme used for an item in the xmp:Identifier array.');
INSERT INTO properties VALUES('http://ns.adobe.com/photoshop/1.0/AncestorID','http://ns.adobe.com/photoshop/1.0/',NULL,NULL,NULL,NULL,'The unique identifier of a document.');
INSERT INTO properties VALUES('http://ns.adobe.com/photoshop/1.0/LayerName','http://ns.adobe.com/photoshop/1.0/',NULL,NULL,NULL,NULL,'The identifying name of the text layer.');
INSERT INTO properties VALUES('http://ns.adobe.com/photoshop/1.0/LayerText','http://ns.adobe.com/photoshop/1.0/',NULL,NULL,NULL,NULL,'The text content of the text layer.');
INSERT INTO properties VALUES('http://ns.adobe.com/photoshop/1.0/AuthorsPosition','http://ns.adobe.com/photoshop/1.0/',NULL,NULL,NULL,NULL,'By-line title.');
INSERT INTO properties VALUES('http://ns.adobe.com/photoshop/1.0/CaptionWriter','http://ns.adobe.com/photoshop/1.0/',NULL,NULL,NULL,NULL,'Writer/editor.');
INSERT INTO properties VALUES('http://ns.adobe.com/photoshop/1.0/Category','http://ns.adobe.com/photoshop/1.0/',NULL,NULL,NULL,NULL,'Category. Limited to 3-7 ASCII characters.');
INSERT INTO properties VALUES('http://ns.adobe.com/photoshop/1.0/City','http://ns.adobe.com/photoshop/1.0/',NULL,NULL,NULL,NULL,'City.');
INSERT INTO properties VALUES('http://ns.adobe.com/photoshop/1.0/ColorMode','http://ns.adobe.com/photoshop/1.0/',NULL,NULL,NULL,NULL,'The colour mode. One of: 0 = Bitmap1 = Gray scale2 = Indexed colour3 = RGB colour4 = CMYK colour7 = Multi-channel8 = Duotone9 = LAB colour.');
INSERT INTO properties VALUES('http://ns.adobe.com/photoshop/1.0/Country','http://ns.adobe.com/photoshop/1.0/',NULL,NULL,NULL,NULL,'Country/primary location.');
INSERT INTO properties VALUES('http://ns.adobe.com/photoshop/1.0/Credit','http://ns.adobe.com/photoshop/1.0/',NULL,NULL,NULL,NULL,'Credit.');
INSERT INTO properties VALUES('http://ns.adobe.com/photoshop/1.0/DateCreated','http://ns.adobe.com/photoshop/1.0/',NULL,NULL,NULL,NULL,'The date the intellectual content of the document was created, rather than the creation date of the physical representation.');
INSERT INTO properties VALUES('http://ns.adobe.com/photoshop/1.0/DocumentAncestors','http://ns.adobe.com/photoshop/1.0/',NULL,NULL,NULL,NULL,'If the source document for a copy-and-paste or place operation has a document ID, that ID is added to this list in the destination document''s XMP.');
INSERT INTO properties VALUES('http://ns.adobe.com/photoshop/1.0/Headline','http://ns.adobe.com/photoshop/1.0/',NULL,NULL,NULL,NULL,'Headline.');
INSERT INTO properties VALUES('http://ns.adobe.com/photoshop/1.0/History','http://ns.adobe.com/photoshop/1.0/',NULL,NULL,NULL,NULL,'The history that appears in the FileInfo panel, if activated in the application preferences.');
INSERT INTO properties VALUES('http://ns.adobe.com/photoshop/1.0/ICCProfile','http://ns.adobe.com/photoshop/1.0/',NULL,NULL,NULL,NULL,'The colour profile, such as AppleRGB, AdobeRGB1998.');
INSERT INTO properties VALUES('http://ns.adobe.com/photoshop/1.0/Instructions','http://ns.adobe.com/photoshop/1.0/',NULL,NULL,NULL,NULL,'Special instructions.');
INSERT INTO properties VALUES('http://ns.adobe.com/photoshop/1.0/Source','http://ns.adobe.com/photoshop/1.0/',NULL,NULL,NULL,NULL,'Source.');
INSERT INTO properties VALUES('http://ns.adobe.com/photoshop/1.0/State','http://ns.adobe.com/photoshop/1.0/',NULL,NULL,NULL,NULL,'Province/state.');
INSERT INTO properties VALUES('http://ns.adobe.com/photoshop/1.0/SupplementalCategories','http://ns.adobe.com/photoshop/1.0/',NULL,NULL,NULL,NULL,'Sopplemental Category.');
INSERT INTO properties VALUES('http://ns.adobe.com/photoshop/1.0/TextLayers','http://ns.adobe.com/photoshop/1.0/',NULL,NULL,NULL,NULL,'If a document has text layers, this property caches the text for each layer.');
INSERT INTO properties VALUES('http://ns.adobe.com/photoshop/1.0/TransmissionReference','http://ns.adobe.com/photoshop/1.0/',NULL,NULL,NULL,NULL,'Original transmission reference.');
INSERT INTO properties VALUES('http://ns.adobe.com/photoshop/1.0/Urgency','http://ns.adobe.com/photoshop/1.0/',NULL,NULL,NULL,NULL,'Urgency. Valid range is 1-8.');
INSERT INTO properties VALUES('http://iptc.org/std/Iptc4xmpCore/1.0/xmlns/IntellectualGenre','http://iptc.org/std/Iptc4xmpCore/1.0/xmlns/',NULL,NULL,NULL,NULL,'Describes the nature, intellectual, artistic or journalistic characteristic of an image.');
INSERT INTO properties VALUES('http://iptc.org/std/Iptc4xmpCore/1.0/xmlns/Scene','http://iptc.org/std/Iptc4xmpCore/1.0/xmlns/',NULL,NULL,NULL,NULL,'Describes the scene of a photo content. Specifies one ore more terms from the IPTC "Scene-NewsCodes". Each Scene is represented as a string of 6 digits in an unordered list.');
INSERT INTO properties VALUES('http://iptc.org/std/Iptc4xmpCore/1.0/xmlns/SubjectCode','http://iptc.org/std/Iptc4xmpCore/1.0/xmlns/',NULL,NULL,NULL,NULL,'Specifies one or more Subjects from the IPTC Subject-NewsCodes taxonomy to categorise the image. Each Subject is represented as a string of 8 digits in an unordered list.');
INSERT INTO properties VALUES('http://iptc.org/std/Iptc4xmpCore/1.0/xmlns/CreatorContactInfo','http://iptc.org/std/Iptc4xmpCore/1.0/xmlns/',NULL,NULL,NULL,NULL,'The creator’s contact information provides all necessary information to get in contact with the creator of this image and comprises a set of sub-properties for proper addressing.');
INSERT INTO properties VALUES('http://iptc.org/std/Iptc4xmpExt/2008-02-29/AddlModelInfo','http://iptc.org/std/Iptc4xmpExt/2008-02-29/',NULL,NULL,NULL,NULL,'Information about the ethnicity and other facets of the model(s) in a model-released image.');
INSERT INTO properties VALUES('http://iptc.org/std/Iptc4xmpExt/2008-02-29/ArtworkOrObject','http://iptc.org/std/Iptc4xmpExt/2008-02-29/',NULL,NULL,NULL,NULL,'A set of metadata about artwork or an object in the image.');
INSERT INTO properties VALUES('http://iptc.org/std/Iptc4xmpExt/2008-02-29/OrganisationInImageCode','http://iptc.org/std/Iptc4xmpExt/2008-02-29/',NULL,NULL,NULL,NULL,'Code from a controlled vocabulary for identifying the organisation or company which is featured in the image.');
INSERT INTO properties VALUES('http://iptc.org/std/Iptc4xmpExt/2008-02-29/OrganisationInImageName','http://iptc.org/std/Iptc4xmpExt/2008-02-29/',NULL,NULL,NULL,NULL,'Name of the organisation or company which is featured in the image.');
INSERT INTO properties VALUES('http://iptc.org/std/Iptc4xmpExt/2008-02-29/AboutCvTerm','http://iptc.org/std/Iptc4xmpExt/2008-02-29/',NULL,NULL,NULL,NULL,'One or more topics, themes or entities the content is about, each one expressed by a term from a Controlled Vocabulary.');
INSERT INTO properties VALUES('http://iptc.org/std/Iptc4xmpExt/2008-02-29/Genre','http://iptc.org/std/Iptc4xmpExt/2008-02-29/',NULL,NULL,NULL,NULL,'Artistic, style, journalistic, product or other genre(s) of the image (expressed by a term from any Controlled Vocabulary).');
INSERT INTO properties VALUES('http://iptc.org/std/Iptc4xmpExt/2008-02-29/LocationShown','http://iptc.org/std/Iptc4xmpExt/2008-02-29/',NULL,NULL,NULL,NULL,'A location shown in the image.');
INSERT INTO properties VALUES('http://iptc.org/std/Iptc4xmpExt/2008-02-29/ModelAge','http://iptc.org/std/Iptc4xmpExt/2008-02-29/',NULL,NULL,NULL,NULL,'Age of the human model(s) at the time this image was taken in a model released image.');
INSERT INTO properties VALUES('http://iptc.org/std/Iptc4xmpExt/2008-02-29/PersonInImage','http://iptc.org/std/Iptc4xmpExt/2008-02-29/',NULL,NULL,NULL,NULL,'Name of a person shown in the image.');
INSERT INTO properties VALUES('http://iptc.org/std/Iptc4xmpExt/2008-02-29/PersonInImageWDetails','http://iptc.org/std/Iptc4xmpExt/2008-02-29/',NULL,NULL,NULL,NULL,'Details about a person the content is about.');
INSERT INTO properties VALUES('http://iptc.org/std/Iptc4xmpExt/2008-02-29/ProductInImage','http://iptc.org/std/Iptc4xmpExt/2008-02-29/',NULL,NULL,NULL,NULL,'A product the content is about.');
INSERT INTO properties VALUES('http://iptc.org/std/Iptc4xmpExt/2008-02-29/DigImageGUID','http://iptc.org/std/Iptc4xmpExt/2008-02-29/',NULL,NULL,NULL,NULL,'Globally unique identifier for this digital image. It is created and applied by the creator of the digital image at the time of its creation . This value shall not be changed after that time.');
INSERT INTO properties VALUES('http://iptc.org/std/Iptc4xmpExt/2008-02-29/DigitalSourceType','http://iptc.org/std/Iptc4xmpExt/2008-02-29/',NULL,NULL,NULL,NULL,'The type of the source of this digital image.');
INSERT INTO properties VALUES('http://iptc.org/std/Iptc4xmpExt/2008-02-29/Event','http://iptc.org/std/Iptc4xmpExt/2008-02-29/',NULL,NULL,NULL,NULL,'Names or describes the specific event at which the photo was taken.');
INSERT INTO properties VALUES('http://iptc.org/std/Iptc4xmpExt/2008-02-29/RegistryId','http://iptc.org/std/Iptc4xmpExt/2008-02-29/',NULL,NULL,NULL,NULL,'Both a Registry Item Id and a Registry Organisation Id to record any registration of this digital image with a registry.');
INSERT INTO properties VALUES('http://iptc.org/std/Iptc4xmpExt/2008-02-29/LocationCreated','http://iptc.org/std/Iptc4xmpExt/2008-02-29/',NULL,NULL,NULL,NULL,'The location the photo was taken.');
INSERT INTO properties VALUES('http://iptc.org/std/Iptc4xmpExt/2008-02-29/MaxAvailHeight','http://iptc.org/std/Iptc4xmpExt/2008-02-29/',NULL,NULL,NULL,NULL,'The maximum available height in pixels of the original photo from which this photo has been derived by downsizing.');
INSERT INTO properties VALUES('http://iptc.org/std/Iptc4xmpExt/2008-02-29/MaxAvailWidth','http://iptc.org/std/Iptc4xmpExt/2008-02-29/',NULL,NULL,NULL,NULL,'The maximum available width in pixels of the original photo from which this photo has been derived by downsizing.');
INSERT INTO properties VALUES('http://iptc.org/std/Iptc4xmpExt/2008-02-29/EmbdEncRightsExpr','http://iptc.org/std/Iptc4xmpExt/2008-02-29/',NULL,NULL,NULL,NULL,'An embedded rights expression using any rights expression language');
INSERT INTO properties VALUES('http://iptc.org/std/Iptc4xmpExt/2008-02-29/LinkedEncRightsExpr','http://iptc.org/std/Iptc4xmpExt/2008-02-29/',NULL,NULL,NULL,NULL,'A linked rights expression using any rights expression language.');
INSERT INTO properties VALUES('http://ns.useplus.org/ldf/xmp/1.0/ImageSupplier','http://ns.useplus.org/ldf/xmp/1.0/',NULL,NULL,NULL,NULL,'Identifies the most recent supplier of the image, who is not necessarily its owner or creator.');
INSERT INTO properties VALUES('http://ns.useplus.org/ldf/xmp/1.0/ImageSupplierImageID','http://ns.useplus.org/ldf/xmp/1.0/',NULL,NULL,NULL,NULL,'Optional identifier assigned by the Image Supplier to the image.');
INSERT INTO properties VALUES('http://ns.useplus.org/ldf/xmp/1.0/Version','http://ns.useplus.org/ldf/xmp/1.0/',NULL,NULL,NULL,NULL,'The version number of the PLUS standards in place at the time of the transaction.');
INSERT INTO properties VALUES('http://ns.useplus.org/ldf/xmp/1.0/CopyrightOwner','http://ns.useplus.org/ldf/xmp/1.0/',NULL,NULL,NULL,NULL,'Owner or owners of the copyright in the licensed image.');
INSERT INTO properties VALUES('http://ns.useplus.org/ldf/xmp/1.0/ImageCreator','http://ns.useplus.org/ldf/xmp/1.0/',NULL,NULL,NULL,NULL,'Creator or creators of the image');
INSERT INTO properties VALUES('http://ns.useplus.org/ldf/xmp/1.0/Licensor','http://ns.useplus.org/ldf/xmp/1.0/',NULL,NULL,NULL,NULL,'A person or company that should be contacted to obtain a licence for using the item or who has licensed the item.');
INSERT INTO properties VALUES('http://ns.useplus.org/ldf/xmp/1.0/MinorModelAgeDisclosure','http://ns.useplus.org/ldf/xmp/1.0/',NULL,NULL,NULL,NULL,'Age of the youngest model pictured in the image, at the time that the image was made.');
INSERT INTO properties VALUES('http://ns.useplus.org/ldf/xmp/1.0/ModelReleaseID','http://ns.useplus.org/ldf/xmp/1.0/',NULL,NULL,NULL,NULL,'Optional identifier associated with each Model Release.');
INSERT INTO properties VALUES('http://ns.useplus.org/ldf/xmp/1.0/ModelReleaseStatus','http://ns.useplus.org/ldf/xmp/1.0/',NULL,NULL,NULL,NULL,'Summarises the availability and scope of model releases authorising usage of the likenesses of persons appearing in the photograph.');
INSERT INTO properties VALUES('http://ns.useplus.org/ldf/xmp/1.0/PropertyReleaseID','http://ns.useplus.org/ldf/xmp/1.0/',NULL,NULL,NULL,NULL,'Optional identifier associated with each Property Release.');
INSERT INTO properties VALUES('http://ns.useplus.org/ldf/xmp/1.0/PropertyReleaseStatus','http://ns.useplus.org/ldf/xmp/1.0/',NULL,NULL,NULL,NULL,'Summarises the availability and scope of property releases authorising usage of the properties appearing in the photograph.');
CREATE TABLE classes (
  class_id        TEXT NOT NULL PRIMARY KEY,
  vocabulary_id   TEXT NOT NULL REFERENCES vocabularies ON DELETE CASCADE,
  parent          TEXT,
  description     TEXT,
  comment         TEXT,

  CHECK (class_id != '')
);
INSERT INTO classes VALUES('https://tropy.org/v1/tropy#Item','https://tropy.org/v1/tropy#',NULL,NULL,'A Tropy item contains metadata and photos.');
INSERT INTO classes VALUES('https://tropy.org/v1/tropy#Image','https://tropy.org/v1/tropy#',NULL,NULL,'An image (photo or selection).');
INSERT INTO classes VALUES('https://tropy.org/v1/tropy#Photo','https://tropy.org/v1/tropy#',NULL,NULL,'A photo.');
INSERT INTO classes VALUES('https://tropy.org/v1/tropy#Selection','https://tropy.org/v1/tropy#',NULL,NULL,'A selection within a photo.');
INSERT INTO classes VALUES('https://tropy.org/v1/tropy#Note','https://tropy.org/v1/tropy#',NULL,NULL,'A note.');
INSERT INTO classes VALUES('https://tropy.org/v1/tropy#Template','https://tropy.org/v1/tropy#',NULL,NULL,'A Tropy template.');
INSERT INTO classes VALUES('https://tropy.org/v1/tropy#Field','https://tropy.org/v1/tropy#',NULL,NULL,'A Tropy template field.');
INSERT INTO classes VALUES('https://tropy.org/v1/tropy#List','https://tropy.org/v1/tropy#',NULL,NULL,'A list of Tropy items.');
INSERT INTO classes VALUES('https://tropy.org/v1/tropy#Tag','https://tropy.org/v1/tropy#',NULL,NULL,'A tag or label.');
INSERT INTO classes VALUES('http://purl.org/dc/terms/Agent','http://purl.org/dc/terms/',NULL,'Examples of Agent include person, organization, and software agent.','A resource that acts or has the power to act.');
INSERT INTO classes VALUES('http://purl.org/dc/terms/AgentClass','http://purl.org/dc/terms/',NULL,'Examples of Agent Class include groups seen as classes, such as students, women, charities, lecturers.','A group of agents.');
INSERT INTO classes VALUES('http://purl.org/dc/terms/BibliographicResource','http://purl.org/dc/terms/',NULL,NULL,'A book, article, or other documentary resource.');
INSERT INTO classes VALUES('http://purl.org/dc/terms/FileFormat','http://purl.org/dc/terms/',NULL,'Examples include the formats defined by the list of Internet Media Types.','A digital resource format.');
INSERT INTO classes VALUES('http://purl.org/dc/terms/MediaType','http://purl.org/dc/terms/',NULL,NULL,'A file format or physical medium.');
INSERT INTO classes VALUES('http://purl.org/dc/terms/Frequency','http://purl.org/dc/terms/',NULL,NULL,'A rate at which something recurs.');
INSERT INTO classes VALUES('http://purl.org/dc/terms/Jurisdiction','http://purl.org/dc/terms/',NULL,NULL,'The extent or range of judicial, law enforcement, or other authority.');
INSERT INTO classes VALUES('http://purl.org/dc/terms/LocationPeriodOrJurisdiction','http://purl.org/dc/terms/',NULL,NULL,'A location, period of time, or jurisdiction.');
INSERT INTO classes VALUES('http://purl.org/dc/terms/LicenseDocument','http://purl.org/dc/terms/',NULL,NULL,'A legal document giving official permission to do something with a Resource.');
INSERT INTO classes VALUES('http://purl.org/dc/terms/RightsStatement','http://purl.org/dc/terms/',NULL,NULL,'A statement about the intellectual property rights (IPR) held in or over a Resource, a legal document giving official permission to do something with a resource, or a statement about access rights.');
INSERT INTO classes VALUES('http://purl.org/dc/terms/LinguisticSystem','http://purl.org/dc/terms/',NULL,'Examples include written, spoken, sign, and computer languages.','A system of signs, symbols, sounds, gestures, or rules used in communication.');
INSERT INTO classes VALUES('http://purl.org/dc/terms/Location','http://purl.org/dc/terms/',NULL,NULL,'A spatial region or named place.');
INSERT INTO classes VALUES('http://purl.org/dc/terms/MediaTypeOrExtent','http://purl.org/dc/terms/',NULL,NULL,'A media type or extent.');
INSERT INTO classes VALUES('http://purl.org/dc/terms/MethodOfAccrual','http://purl.org/dc/terms/',NULL,NULL,'A method by which resources are added to a collection.');
INSERT INTO classes VALUES('http://purl.org/dc/terms/MethodOfInstruction','http://purl.org/dc/terms/',NULL,NULL,'A process that is used to engender knowledge, attitudes, and skills.');
INSERT INTO classes VALUES('http://purl.org/dc/terms/PeriodOfTime','http://purl.org/dc/terms/',NULL,NULL,'An interval of time that is named or defined by its start and end dates.');
INSERT INTO classes VALUES('http://purl.org/dc/terms/PhysicalMedium','http://purl.org/dc/terms/',NULL,'Examples include paper, canvas, or DVD.','A physical material or carrier.');
INSERT INTO classes VALUES('http://purl.org/dc/terms/PhysicalResource','http://purl.org/dc/terms/',NULL,NULL,'A material thing.');
INSERT INTO classes VALUES('http://purl.org/dc/terms/Policy','http://purl.org/dc/terms/',NULL,NULL,'A plan or course of action by an authority, intended to influence and determine decisions, actions, and other matters.');
INSERT INTO classes VALUES('http://purl.org/dc/terms/ProvenanceStatement','http://purl.org/dc/terms/',NULL,NULL,'A statement of any changes in ownership and custody of a resource since its creation that are significant for its authenticity, integrity, and interpretation.');
INSERT INTO classes VALUES('http://purl.org/dc/terms/SizeOrDuration','http://purl.org/dc/terms/',NULL,'Examples include a number of pages, a specification of length, width, and breadth, or a period in hours, minutes, and seconds.','A dimension or extent, or a time taken to play or execute.');
INSERT INTO classes VALUES('http://purl.org/dc/terms/Standard','http://purl.org/dc/terms/',NULL,NULL,'A basis for comparison; a reference point against which other things can be evaluated.');
INSERT INTO classes VALUES('http://www.w3.org/1999/02/22-rdf-syntax-ns#Property','http://www.w3.org/1999/02/22-rdf-syntax-ns#',NULL,NULL,'The class of RDF properties.');
INSERT INTO classes VALUES('http://www.w3.org/1999/02/22-rdf-syntax-ns#Statement','http://www.w3.org/1999/02/22-rdf-syntax-ns#',NULL,NULL,'The class of RDF statements.');
INSERT INTO classes VALUES('http://www.w3.org/1999/02/22-rdf-syntax-ns#Bag','http://www.w3.org/1999/02/22-rdf-syntax-ns#',NULL,NULL,'The class of unordered containers.');
INSERT INTO classes VALUES('http://www.w3.org/1999/02/22-rdf-syntax-ns#Seq','http://www.w3.org/1999/02/22-rdf-syntax-ns#',NULL,NULL,'The class of ordered containers.');
INSERT INTO classes VALUES('http://www.w3.org/1999/02/22-rdf-syntax-ns#Alt','http://www.w3.org/1999/02/22-rdf-syntax-ns#',NULL,NULL,'The class of containers of alternatives.');
INSERT INTO classes VALUES('http://www.w3.org/1999/02/22-rdf-syntax-ns#List','http://www.w3.org/1999/02/22-rdf-syntax-ns#',NULL,NULL,'The class of RDF Lists.');
INSERT INTO classes VALUES('http://www.w3.org/2000/01/rdf-schema#Resource','http://www.w3.org/2000/01/rdf-schema#',NULL,NULL,'The class resource, everything.');
INSERT INTO classes VALUES('http://www.w3.org/2000/01/rdf-schema#Class','http://www.w3.org/2000/01/rdf-schema#',NULL,NULL,'The class of classes.');
INSERT INTO classes VALUES('http://www.w3.org/2000/01/rdf-schema#Literal','http://www.w3.org/2000/01/rdf-schema#',NULL,NULL,'The class of literal values, eg. textual strings and integers.');
INSERT INTO classes VALUES('http://www.w3.org/2000/01/rdf-schema#Container','http://www.w3.org/2000/01/rdf-schema#',NULL,NULL,'The class of RDF containers.');
INSERT INTO classes VALUES('http://www.w3.org/2000/01/rdf-schema#ContainerMembershipProperty','http://www.w3.org/2000/01/rdf-schema#',NULL,NULL,replace('The class of container membership properties, rdf:_1, rdf:_2, ...,\n                    all of which are sub-properties of ''member''.','\n',char(10)));
INSERT INTO classes VALUES('http://www.w3.org/2000/01/rdf-schema#Datatype','http://www.w3.org/2000/01/rdf-schema#',NULL,NULL,'The class of RDF datatypes.');
INSERT INTO classes VALUES('http://www.openarchives.org/ore/terms/AggregatedResource','http://www.openarchives.org/ore/terms/',NULL,NULL,'A resource which is included in an Aggregation. Note that asserting that a resource is a member of the class of Aggregated Resources does not imply anything other than that it is aggregated by at least one Aggregation.');
INSERT INTO classes VALUES('http://www.openarchives.org/ore/terms/ResourceMap','http://www.openarchives.org/ore/terms/',NULL,NULL,'A description of an Aggregation according to the OAI-ORE data model. Resource Maps are serialised to a machine readable format according to the implementation guidelines.');
INSERT INTO classes VALUES('http://www.w3.org/2004/02/skos/core#ConceptScheme','http://www.w3.org/2004/02/skos/core#',NULL,NULL,NULL);
INSERT INTO classes VALUES('http://www.w3.org/2004/02/skos/core#Collection','http://www.w3.org/2004/02/skos/core#',NULL,NULL,NULL);
INSERT INTO classes VALUES('http://www.w3.org/2004/02/skos/core#OrderedCollection','http://www.w3.org/2004/02/skos/core#',NULL,NULL,NULL);
INSERT INTO classes VALUES('http://www.europeana.eu/schemas/edm/Agent','http://www.europeana.eu/schemas/edm/',NULL,NULL,NULL);
INSERT INTO classes VALUES('http://www.europeana.eu/schemas/edm/NonInformationResource','http://www.europeana.eu/schemas/edm/',NULL,NULL,NULL);
INSERT INTO classes VALUES('http://www.europeana.eu/schemas/edm/EuropeanaAggregation','http://www.europeana.eu/schemas/edm/',NULL,NULL,NULL);
INSERT INTO classes VALUES('http://www.europeana.eu/schemas/edm/EuropeanaObject','http://www.europeana.eu/schemas/edm/',NULL,NULL,NULL);
INSERT INTO classes VALUES('http://www.europeana.eu/schemas/edm/WebResource','http://www.europeana.eu/schemas/edm/',NULL,NULL,NULL);
INSERT INTO classes VALUES('http://www.europeana.eu/schemas/edm/Event','http://www.europeana.eu/schemas/edm/',NULL,NULL,NULL);
INSERT INTO classes VALUES('http://www.europeana.eu/schemas/edm/InformationResource','http://www.europeana.eu/schemas/edm/',NULL,NULL,NULL);
INSERT INTO classes VALUES('http://www.europeana.eu/schemas/edm/PhysicalThing','http://www.europeana.eu/schemas/edm/',NULL,NULL,NULL);
INSERT INTO classes VALUES('http://www.europeana.eu/schemas/edm/Place','http://www.europeana.eu/schemas/edm/',NULL,NULL,NULL);
INSERT INTO classes VALUES('http://www.europeana.eu/schemas/edm/ProvidedCHO','http://www.europeana.eu/schemas/edm/',NULL,NULL,NULL);
INSERT INTO classes VALUES('http://www.europeana.eu/schemas/edm/TimeSpan','http://www.europeana.eu/schemas/edm/',NULL,NULL,NULL);
INSERT INTO classes VALUES('http://www.openarchives.org/ore/terms/Aggregation','http://www.openarchives.org/ore/terms/',NULL,NULL,NULL);
INSERT INTO classes VALUES('http://www.openarchives.org/ore/terms/Proxy','http://www.openarchives.org/ore/terms/',NULL,NULL,NULL);
INSERT INTO classes VALUES('http://www.w3.org/2004/02/skos/core#Concept','http://www.w3.org/2004/02/skos/core#',NULL,NULL,NULL);
INSERT INTO classes VALUES('http://www.w3.org/2003/12/exif/ns#IFD','http://www.w3.org/2003/12/exif/ns#',NULL,NULL,'An Image File Directory');
INSERT INTO classes VALUES('http://ns.adobe.com/photoshop/1.0/Ancestor','http://ns.adobe.com/photoshop/1.0/',NULL,NULL,'A structure identifying a document that was copied or placed into the current document.');
INSERT INTO classes VALUES('http://ns.adobe.com/photoshop/1.0/Layer','http://ns.adobe.com/photoshop/1.0/',NULL,NULL,'A structure associating an identifying name and text content with a text layer of a Photoshop document.');
CREATE TABLE datatypes (
  datatype_id     TEXT NOT NULL PRIMARY KEY,
  vocabulary_id   TEXT NOT NULL REFERENCES vocabularies ON DELETE CASCADE,
  description     TEXT,
  comment         TEXT,

  CHECK (datatype_id != '')
);
INSERT INTO datatypes VALUES('https://tropy.org/v1/tropy#date','https://tropy.org/v1/tropy#',NULL,'An EDTF date or date range.');
INSERT INTO datatypes VALUES('https://tropy.org/v1/tropy#name','https://tropy.org/v1/tropy#',NULL,'A personal name.');
INSERT INTO datatypes VALUES('http://www.w3.org/2001/XMLSchema#string','http://www.w3.org/2001/XMLSchema#',NULL,'The string datatype represents character strings in XML.');
INSERT INTO datatypes VALUES('http://www.w3.org/2001/XMLSchema#boolean','http://www.w3.org/2001/XMLSchema#',NULL,'Boolean represents the values of two-valued logic.');
INSERT INTO datatypes VALUES('http://www.w3.org/2001/XMLSchema#decimal','http://www.w3.org/2001/XMLSchema#',NULL,NULL);
INSERT INTO datatypes VALUES('http://www.w3.org/2001/XMLSchema#float','http://www.w3.org/2001/XMLSchema#',NULL,NULL);
INSERT INTO datatypes VALUES('http://www.w3.org/2001/XMLSchema#double','http://www.w3.org/2001/XMLSchema#',NULL,NULL);
INSERT INTO datatypes VALUES('http://www.w3.org/2001/XMLSchema#dateTime','http://www.w3.org/2001/XMLSchema#',NULL,NULL);
INSERT INTO datatypes VALUES('http://www.w3.org/2001/XMLSchema#time','http://www.w3.org/2001/XMLSchema#',NULL,NULL);
INSERT INTO datatypes VALUES('http://www.w3.org/2001/XMLSchema#date','http://www.w3.org/2001/XMLSchema#',NULL,NULL);
INSERT INTO datatypes VALUES('http://www.w3.org/2001/XMLSchema#gYearMonth','http://www.w3.org/2001/XMLSchema#',NULL,NULL);
INSERT INTO datatypes VALUES('http://www.w3.org/2001/XMLSchema#gYear','http://www.w3.org/2001/XMLSchema#',NULL,NULL);
INSERT INTO datatypes VALUES('http://www.w3.org/2001/XMLSchema#gMonthDay','http://www.w3.org/2001/XMLSchema#',NULL,NULL);
INSERT INTO datatypes VALUES('http://www.w3.org/2001/XMLSchema#gDay','http://www.w3.org/2001/XMLSchema#',NULL,NULL);
INSERT INTO datatypes VALUES('http://www.w3.org/2001/XMLSchema#gMonth','http://www.w3.org/2001/XMLSchema#',NULL,NULL);
INSERT INTO datatypes VALUES('http://www.w3.org/2001/XMLSchema#hexBinary','http://www.w3.org/2001/XMLSchema#',NULL,NULL);
INSERT INTO datatypes VALUES('http://www.w3.org/2001/XMLSchema#base64Binary','http://www.w3.org/2001/XMLSchema#',NULL,NULL);
INSERT INTO datatypes VALUES('http://www.w3.org/2001/XMLSchema#anyURI','http://www.w3.org/2001/XMLSchema#',NULL,NULL);
INSERT INTO datatypes VALUES('http://www.w3.org/2001/XMLSchema#normalizedString','http://www.w3.org/2001/XMLSchema#',NULL,NULL);
INSERT INTO datatypes VALUES('http://www.w3.org/2001/XMLSchema#token','http://www.w3.org/2001/XMLSchema#',NULL,NULL);
INSERT INTO datatypes VALUES('http://www.w3.org/2001/XMLSchema#language','http://www.w3.org/2001/XMLSchema#',NULL,NULL);
INSERT INTO datatypes VALUES('http://www.w3.org/2001/XMLSchema#NMTOKEN','http://www.w3.org/2001/XMLSchema#',NULL,NULL);
INSERT INTO datatypes VALUES('http://www.w3.org/2001/XMLSchema#Name','http://www.w3.org/2001/XMLSchema#',NULL,NULL);
INSERT INTO datatypes VALUES('http://www.w3.org/2001/XMLSchema#NCName','http://www.w3.org/2001/XMLSchema#',NULL,NULL);
INSERT INTO datatypes VALUES('http://www.w3.org/2001/XMLSchema#integer','http://www.w3.org/2001/XMLSchema#',NULL,NULL);
INSERT INTO datatypes VALUES('http://www.w3.org/2001/XMLSchema#nonPositiveInteger','http://www.w3.org/2001/XMLSchema#',NULL,NULL);
INSERT INTO datatypes VALUES('http://www.w3.org/2001/XMLSchema#negativeInteger','http://www.w3.org/2001/XMLSchema#',NULL,NULL);
INSERT INTO datatypes VALUES('http://www.w3.org/2001/XMLSchema#long','http://www.w3.org/2001/XMLSchema#',NULL,NULL);
INSERT INTO datatypes VALUES('http://www.w3.org/2001/XMLSchema#int','http://www.w3.org/2001/XMLSchema#',NULL,NULL);
INSERT INTO datatypes VALUES('http://www.w3.org/2001/XMLSchema#short','http://www.w3.org/2001/XMLSchema#',NULL,NULL);
INSERT INTO datatypes VALUES('http://www.w3.org/2001/XMLSchema#byte','http://www.w3.org/2001/XMLSchema#',NULL,NULL);
INSERT INTO datatypes VALUES('http://www.w3.org/2001/XMLSchema#nonNegativeInteger','http://www.w3.org/2001/XMLSchema#',NULL,NULL);
INSERT INTO datatypes VALUES('http://www.w3.org/2001/XMLSchema#unsignedLong','http://www.w3.org/2001/XMLSchema#',NULL,NULL);
INSERT INTO datatypes VALUES('http://www.w3.org/2001/XMLSchema#unsignedInt','http://www.w3.org/2001/XMLSchema#',NULL,NULL);
INSERT INTO datatypes VALUES('http://www.w3.org/2001/XMLSchema#unsignedShort','http://www.w3.org/2001/XMLSchema#',NULL,NULL);
INSERT INTO datatypes VALUES('http://www.w3.org/2001/XMLSchema#unsignedByte','http://www.w3.org/2001/XMLSchema#',NULL,NULL);
INSERT INTO datatypes VALUES('http://www.w3.org/2001/XMLSchema#positiveInteger','http://www.w3.org/2001/XMLSchema#',NULL,NULL);
INSERT INTO datatypes VALUES('http://purl.org/dc/terms/Box','http://purl.org/dc/terms/',NULL,'The set of regions in space defined by their geographic coordinates according to the DCMI Box Encoding Scheme.');
INSERT INTO datatypes VALUES('http://purl.org/dc/terms/ISO3166','http://purl.org/dc/terms/',NULL,'The set of codes listed in ISO 3166-1 for the representation of names of countries.');
INSERT INTO datatypes VALUES('http://purl.org/dc/terms/ISO639-2','http://purl.org/dc/terms/',NULL,'The three-letter alphabetic codes listed in ISO639-2 for the representation of names of languages.');
INSERT INTO datatypes VALUES('http://purl.org/dc/terms/ISO639-3','http://purl.org/dc/terms/',NULL,'The set of three-letter codes listed in ISO 639-3 for the representation of names of languages.');
INSERT INTO datatypes VALUES('http://purl.org/dc/terms/Period','http://purl.org/dc/terms/',NULL,'The set of time intervals defined by their limits according to the DCMI Period Encoding Scheme.');
INSERT INTO datatypes VALUES('http://purl.org/dc/terms/Point','http://purl.org/dc/terms/',NULL,'The set of points in space defined by their geographic coordinates according to the DCMI Point Encoding Scheme.');
INSERT INTO datatypes VALUES('http://purl.org/dc/terms/RFC1766','http://purl.org/dc/terms/',NULL,'The set of tags, constructed according to RFC 1766, for the identification of languages.');
INSERT INTO datatypes VALUES('http://purl.org/dc/terms/RFC3066','http://purl.org/dc/terms/','RFC 3066 has been obsoleted by RFC 4646.','The set of tags constructed according to RFC 3066 for the identification of languages.');
INSERT INTO datatypes VALUES('http://purl.org/dc/terms/RFC4646','http://purl.org/dc/terms/','RFC 4646 obsoletes RFC 3066.','The set of tags constructed according to RFC 4646 for the identification of languages.');
INSERT INTO datatypes VALUES('http://purl.org/dc/terms/RFC5646','http://purl.org/dc/terms/','RFC 5646 obsoletes RFC 4646.','The set of tags constructed according to RFC 5646 for the identification of languages.');
INSERT INTO datatypes VALUES('http://purl.org/dc/terms/URI','http://purl.org/dc/terms/',NULL,'The set of identifiers constructed according to the generic syntax for Uniform Resource Identifiers as specified by the Internet Engineering Task Force.');
INSERT INTO datatypes VALUES('http://purl.org/dc/terms/W3CDTF','http://purl.org/dc/terms/',NULL,'The set of dates and times constructed according to the W3C Date and Time Formats Specification.');
INSERT INTO datatypes VALUES('http://www.w3.org/1999/02/22-rdf-syntax-ns#HTML','http://www.w3.org/1999/02/22-rdf-syntax-ns#',NULL,'The datatype of RDF literals storing fragments of HTML content');
INSERT INTO datatypes VALUES('http://www.w3.org/1999/02/22-rdf-syntax-ns#langString','http://www.w3.org/1999/02/22-rdf-syntax-ns#',NULL,'The datatype of language-tagged string values');
INSERT INTO datatypes VALUES('http://www.w3.org/1999/02/22-rdf-syntax-ns#PlainLiteral','http://www.w3.org/1999/02/22-rdf-syntax-ns#',NULL,'The class of plain (i.e. untyped) literal values, as used in RIF and OWL 2');
INSERT INTO datatypes VALUES('http://www.w3.org/1999/02/22-rdf-syntax-ns#XMLLiteral','http://www.w3.org/1999/02/22-rdf-syntax-ns#',NULL,'The datatype of XML literal values.');
CREATE TABLE labels (
  id        TEXT NOT NULL,
  language  TEXT NOT NULL COLLATE NOCASE,
  label     TEXT NOT NULL,

  PRIMARY KEY (id, language),

  CHECK (id != '' AND label != ''),
  CHECK (language != '' AND language = trim(lower(language)))
) WITHOUT ROWID;
INSERT INTO labels VALUES('http://iptc.org/std/Iptc4xmpCore/1.0/xmlns/CreatorContactInfo','de','Kontaktinformation des Erstellers');
INSERT INTO labels VALUES('http://iptc.org/std/Iptc4xmpCore/1.0/xmlns/CreatorContactInfo','en','Creator''s Contact Info');
INSERT INTO labels VALUES('http://iptc.org/std/Iptc4xmpCore/1.0/xmlns/CreatorContactInfo','fr','Contact créateur');
INSERT INTO labels VALUES('http://iptc.org/std/Iptc4xmpCore/1.0/xmlns/CreatorContactInfo','ja','作成者のコンタクト先');
INSERT INTO labels VALUES('http://iptc.org/std/Iptc4xmpCore/1.0/xmlns/IntellectualGenre','de','Intellektuelles Genre');
INSERT INTO labels VALUES('http://iptc.org/std/Iptc4xmpCore/1.0/xmlns/IntellectualGenre','en','Intellectual Genre');
INSERT INTO labels VALUES('http://iptc.org/std/Iptc4xmpCore/1.0/xmlns/IntellectualGenre','fr','Catégorie intellectuelle');
INSERT INTO labels VALUES('http://iptc.org/std/Iptc4xmpCore/1.0/xmlns/IntellectualGenre','ja','ジャンル');
INSERT INTO labels VALUES('http://iptc.org/std/Iptc4xmpCore/1.0/xmlns/Scene','de','IPTC-Szenencode');
INSERT INTO labels VALUES('http://iptc.org/std/Iptc4xmpCore/1.0/xmlns/Scene','en','Scene Code');
INSERT INTO labels VALUES('http://iptc.org/std/Iptc4xmpCore/1.0/xmlns/Scene','fr','Code de scène IPTC');
INSERT INTO labels VALUES('http://iptc.org/std/Iptc4xmpCore/1.0/xmlns/Scene','ja','IPTCシーンコード');
INSERT INTO labels VALUES('http://iptc.org/std/Iptc4xmpCore/1.0/xmlns/SubjectCode','de','IPTC-Themencode');
INSERT INTO labels VALUES('http://iptc.org/std/Iptc4xmpCore/1.0/xmlns/SubjectCode','en','Subject Code');
INSERT INTO labels VALUES('http://iptc.org/std/Iptc4xmpCore/1.0/xmlns/SubjectCode','fr','Code de sujet IPTC');
INSERT INTO labels VALUES('http://iptc.org/std/Iptc4xmpCore/1.0/xmlns/SubjectCode','ja','IPTC件名コード');
INSERT INTO labels VALUES('http://iptc.org/std/Iptc4xmpExt/2008-02-29/AboutCvTerm','en','CV-Term About Image');
INSERT INTO labels VALUES('http://iptc.org/std/Iptc4xmpExt/2008-02-29/AddlModelInfo','de','Weitere Fotomodell-Informationen');
INSERT INTO labels VALUES('http://iptc.org/std/Iptc4xmpExt/2008-02-29/AddlModelInfo','en','Additional Model Information');
INSERT INTO labels VALUES('http://iptc.org/std/Iptc4xmpExt/2008-02-29/AddlModelInfo','fr','Suppl. d''infos sur les modèles');
INSERT INTO labels VALUES('http://iptc.org/std/Iptc4xmpExt/2008-02-29/ArtworkOrObject','de','Kunstwerk oder Objekt');
INSERT INTO labels VALUES('http://iptc.org/std/Iptc4xmpExt/2008-02-29/ArtworkOrObject','en','Artwork or Object');
INSERT INTO labels VALUES('http://iptc.org/std/Iptc4xmpExt/2008-02-29/ArtworkOrObject','fr','Illustration ou objet');
INSERT INTO labels VALUES('http://iptc.org/std/Iptc4xmpExt/2008-02-29/DigImageGUID','de','Kennung des Digitalbilds');
INSERT INTO labels VALUES('http://iptc.org/std/Iptc4xmpExt/2008-02-29/DigImageGUID','en','Digital Image Identifier');
INSERT INTO labels VALUES('http://iptc.org/std/Iptc4xmpExt/2008-02-29/DigImageGUID','fr','Identificateur de l''image numérique');
INSERT INTO labels VALUES('http://iptc.org/std/Iptc4xmpExt/2008-02-29/DigitalSourceType','en','Digital Source Type');
INSERT INTO labels VALUES('http://iptc.org/std/Iptc4xmpExt/2008-02-29/EmbdEncRightsExpr','en','Embedded Encoded Rights Expression');
INSERT INTO labels VALUES('http://iptc.org/std/Iptc4xmpExt/2008-02-29/Event','de','Ereignis');
INSERT INTO labels VALUES('http://iptc.org/std/Iptc4xmpExt/2008-02-29/Event','en','Event');
INSERT INTO labels VALUES('http://iptc.org/std/Iptc4xmpExt/2008-02-29/Event','fr','Evénement');
INSERT INTO labels VALUES('http://iptc.org/std/Iptc4xmpExt/2008-02-29/Event','ja','イベント');
INSERT INTO labels VALUES('http://iptc.org/std/Iptc4xmpExt/2008-02-29/Genre','en','Genre');
INSERT INTO labels VALUES('http://iptc.org/std/Iptc4xmpExt/2008-02-29/Genre','ja','ジャンル');
INSERT INTO labels VALUES('http://iptc.org/std/Iptc4xmpExt/2008-02-29/LinkedEncRightsExpr','en','Linked Encoded Rights Expression');
INSERT INTO labels VALUES('http://iptc.org/std/Iptc4xmpExt/2008-02-29/LocationCreated','de','Standort der Aufnahme');
INSERT INTO labels VALUES('http://iptc.org/std/Iptc4xmpExt/2008-02-29/LocationCreated','en','Location created');
INSERT INTO labels VALUES('http://iptc.org/std/Iptc4xmpExt/2008-02-29/LocationCreated','fr','Emplacement créé');
INSERT INTO labels VALUES('http://iptc.org/std/Iptc4xmpExt/2008-02-29/LocationShown','de','Ort des Motivs');
INSERT INTO labels VALUES('http://iptc.org/std/Iptc4xmpExt/2008-02-29/LocationShown','en','Location Shown');
INSERT INTO labels VALUES('http://iptc.org/std/Iptc4xmpExt/2008-02-29/LocationShown','fr','Emplacement affiché');
INSERT INTO labels VALUES('http://iptc.org/std/Iptc4xmpExt/2008-02-29/MaxAvailHeight','de','Max. verfügbare Höhe');
INSERT INTO labels VALUES('http://iptc.org/std/Iptc4xmpExt/2008-02-29/MaxAvailHeight','en','Max Avail Height');
INSERT INTO labels VALUES('http://iptc.org/std/Iptc4xmpExt/2008-02-29/MaxAvailHeight','fr','Hauteur disponible max.');
INSERT INTO labels VALUES('http://iptc.org/std/Iptc4xmpExt/2008-02-29/MaxAvailWidth','de','Max. verfügbare Breite');
INSERT INTO labels VALUES('http://iptc.org/std/Iptc4xmpExt/2008-02-29/MaxAvailWidth','en','Max Avail Width');
INSERT INTO labels VALUES('http://iptc.org/std/Iptc4xmpExt/2008-02-29/MaxAvailWidth','fr','Largeur disponible max.');
INSERT INTO labels VALUES('http://iptc.org/std/Iptc4xmpExt/2008-02-29/ModelAge','de','Alter Fotomodell(e)');
INSERT INTO labels VALUES('http://iptc.org/std/Iptc4xmpExt/2008-02-29/ModelAge','en','Model Age');
INSERT INTO labels VALUES('http://iptc.org/std/Iptc4xmpExt/2008-02-29/ModelAge','fr','Age des modèles');
INSERT INTO labels VALUES('http://iptc.org/std/Iptc4xmpExt/2008-02-29/OrganisationInImageCode','de','Kennung der gezeigten Organisation');
INSERT INTO labels VALUES('http://iptc.org/std/Iptc4xmpExt/2008-02-29/OrganisationInImageCode','en','Code of Organisation Featured');
INSERT INTO labels VALUES('http://iptc.org/std/Iptc4xmpExt/2008-02-29/OrganisationInImageCode','fr','Code de l''organisation représentée');
INSERT INTO labels VALUES('http://iptc.org/std/Iptc4xmpExt/2008-02-29/OrganisationInImageName','de','Name der gezeigten Organisation');
INSERT INTO labels VALUES('http://iptc.org/std/Iptc4xmpExt/2008-02-29/OrganisationInImageName','en','Name of Organisation Featured');
INSERT INTO labels VALUES('http://iptc.org/std/Iptc4xmpExt/2008-02-29/OrganisationInImageName','fr','Nom de l''organisation représentée');
INSERT INTO labels VALUES('http://iptc.org/std/Iptc4xmpExt/2008-02-29/PersonInImage','de','Gezeigte Person');
INSERT INTO labels VALUES('http://iptc.org/std/Iptc4xmpExt/2008-02-29/PersonInImage','en','Person Shown');
INSERT INTO labels VALUES('http://iptc.org/std/Iptc4xmpExt/2008-02-29/PersonInImage','fr','Personne présentée');
INSERT INTO labels VALUES('http://iptc.org/std/Iptc4xmpExt/2008-02-29/PersonInImageWDetails','de','Gezeigte Person im Detail');
INSERT INTO labels VALUES('http://iptc.org/std/Iptc4xmpExt/2008-02-29/PersonInImageWDetails','en','Person Shown with Details');
INSERT INTO labels VALUES('http://iptc.org/std/Iptc4xmpExt/2008-02-29/ProductInImage','de','Gezeigtes Produkt');
INSERT INTO labels VALUES('http://iptc.org/std/Iptc4xmpExt/2008-02-29/ProductInImage','en','Product Shown');
INSERT INTO labels VALUES('http://iptc.org/std/Iptc4xmpExt/2008-02-29/RegistryId','de','Register-Eintrag');
INSERT INTO labels VALUES('http://iptc.org/std/Iptc4xmpExt/2008-02-29/RegistryId','en','Image Registry Entry');
INSERT INTO labels VALUES('http://iptc.org/std/Iptc4xmpExt/2008-02-29/RegistryId','fr','Entrée de registre');
INSERT INTO labels VALUES('http://ns.adobe.com/photoshop/1.0/Ancestor','en','Ancestor');
INSERT INTO labels VALUES('http://ns.adobe.com/photoshop/1.0/AncestorID','en','Ancestor ID');
INSERT INTO labels VALUES('http://ns.adobe.com/photoshop/1.0/AuthorsPosition','de','Die Berufsbezeichnung des Erstellers');
INSERT INTO labels VALUES('http://ns.adobe.com/photoshop/1.0/AuthorsPosition','en','Author''s Position');
INSERT INTO labels VALUES('http://ns.adobe.com/photoshop/1.0/AuthorsPosition','fr','Fonction du créateur');
INSERT INTO labels VALUES('http://ns.adobe.com/photoshop/1.0/AuthorsPosition','ja','"作成者の役職');
INSERT INTO labels VALUES('http://ns.adobe.com/photoshop/1.0/CaptionWriter','de','Writer Beschreibung');
INSERT INTO labels VALUES('http://ns.adobe.com/photoshop/1.0/CaptionWriter','en','Caption Writer');
INSERT INTO labels VALUES('http://ns.adobe.com/photoshop/1.0/CaptionWriter','fr','Rédacteur de description');
INSERT INTO labels VALUES('http://ns.adobe.com/photoshop/1.0/CaptionWriter','ja','説明記入者');
INSERT INTO labels VALUES('http://ns.adobe.com/photoshop/1.0/Category','de','Kategorie');
INSERT INTO labels VALUES('http://ns.adobe.com/photoshop/1.0/Category','en','Category');
INSERT INTO labels VALUES('http://ns.adobe.com/photoshop/1.0/Category','ja','カテゴリー');
INSERT INTO labels VALUES('http://ns.adobe.com/photoshop/1.0/City','de','Ort');
INSERT INTO labels VALUES('http://ns.adobe.com/photoshop/1.0/City','en','City');
INSERT INTO labels VALUES('http://ns.adobe.com/photoshop/1.0/City','fr','Ville');
INSERT INTO labels VALUES('http://ns.adobe.com/photoshop/1.0/City','ja','市区町村名');
INSERT INTO labels VALUES('http://ns.adobe.com/photoshop/1.0/ColorMode','de','Farbmodus');
INSERT INTO labels VALUES('http://ns.adobe.com/photoshop/1.0/ColorMode','en','Color Mode');
INSERT INTO labels VALUES('http://ns.adobe.com/photoshop/1.0/Country','de','Land');
INSERT INTO labels VALUES('http://ns.adobe.com/photoshop/1.0/Country','en','Country');
INSERT INTO labels VALUES('http://ns.adobe.com/photoshop/1.0/Country','fr','Pays');
INSERT INTO labels VALUES('http://ns.adobe.com/photoshop/1.0/Country','ja','国名');
INSERT INTO labels VALUES('http://ns.adobe.com/photoshop/1.0/Credit','de','Namensnennung');
INSERT INTO labels VALUES('http://ns.adobe.com/photoshop/1.0/Credit','en','Credit');
INSERT INTO labels VALUES('http://ns.adobe.com/photoshop/1.0/Credit','fr','Crédit');
INSERT INTO labels VALUES('http://ns.adobe.com/photoshop/1.0/Credit','ja','提供元');
INSERT INTO labels VALUES('http://ns.adobe.com/photoshop/1.0/DateCreated','de','Erstellungsdatum');
INSERT INTO labels VALUES('http://ns.adobe.com/photoshop/1.0/DateCreated','en','Date Created');
INSERT INTO labels VALUES('http://ns.adobe.com/photoshop/1.0/DateCreated','fr','Date de création');
INSERT INTO labels VALUES('http://ns.adobe.com/photoshop/1.0/DateCreated','ja','作成日');
INSERT INTO labels VALUES('http://ns.adobe.com/photoshop/1.0/DocumentAncestors','en','Document Ancestors');
INSERT INTO labels VALUES('http://ns.adobe.com/photoshop/1.0/Headline','de','Überschrift');
INSERT INTO labels VALUES('http://ns.adobe.com/photoshop/1.0/Headline','en','Headline');
INSERT INTO labels VALUES('http://ns.adobe.com/photoshop/1.0/Headline','fr','Titre');
INSERT INTO labels VALUES('http://ns.adobe.com/photoshop/1.0/Headline','ja','見出し');
INSERT INTO labels VALUES('http://ns.adobe.com/photoshop/1.0/History','de','Verlauf');
INSERT INTO labels VALUES('http://ns.adobe.com/photoshop/1.0/History','en','History');
INSERT INTO labels VALUES('http://ns.adobe.com/photoshop/1.0/History','fr','Historique');
INSERT INTO labels VALUES('http://ns.adobe.com/photoshop/1.0/History','ja','ヒストリー');
INSERT INTO labels VALUES('http://ns.adobe.com/photoshop/1.0/ICCProfile','de','ICC-Profil');
INSERT INTO labels VALUES('http://ns.adobe.com/photoshop/1.0/ICCProfile','en','ICC Profile');
INSERT INTO labels VALUES('http://ns.adobe.com/photoshop/1.0/ICCProfile','fr','Profil ICC');
INSERT INTO labels VALUES('http://ns.adobe.com/photoshop/1.0/ICCProfile','ja','ICCプロファイル');
INSERT INTO labels VALUES('http://ns.adobe.com/photoshop/1.0/Instructions','de','Anweisungen');
INSERT INTO labels VALUES('http://ns.adobe.com/photoshop/1.0/Instructions','en','Instructions');
INSERT INTO labels VALUES('http://ns.adobe.com/photoshop/1.0/Instructions','fr','Instructions');
INSERT INTO labels VALUES('http://ns.adobe.com/photoshop/1.0/Instructions','ja','説明');
INSERT INTO labels VALUES('http://ns.adobe.com/photoshop/1.0/Layer','de','Ebene');
INSERT INTO labels VALUES('http://ns.adobe.com/photoshop/1.0/Layer','en','Layer');
INSERT INTO labels VALUES('http://ns.adobe.com/photoshop/1.0/LayerName','de','Ebenenname');
INSERT INTO labels VALUES('http://ns.adobe.com/photoshop/1.0/LayerName','en','Layer Name');
INSERT INTO labels VALUES('http://ns.adobe.com/photoshop/1.0/LayerText','de','Ebenentext');
INSERT INTO labels VALUES('http://ns.adobe.com/photoshop/1.0/LayerText','en','Layer Text');
INSERT INTO labels VALUES('http://ns.adobe.com/photoshop/1.0/Source','de','Quelle');
INSERT INTO labels VALUES('http://ns.adobe.com/photoshop/1.0/Source','en','Source');
INSERT INTO labels VALUES('http://ns.adobe.com/photoshop/1.0/Source','fr','Source');
INSERT INTO labels VALUES('http://ns.adobe.com/photoshop/1.0/Source','ja','所有者または著作権保有者');
INSERT INTO labels VALUES('http://ns.adobe.com/photoshop/1.0/State','de','Bundesland/Kanton');
INSERT INTO labels VALUES('http://ns.adobe.com/photoshop/1.0/State','en','State');
INSERT INTO labels VALUES('http://ns.adobe.com/photoshop/1.0/State','fr','Etat/Province');
INSERT INTO labels VALUES('http://ns.adobe.com/photoshop/1.0/State','ja','郡道府県名');
INSERT INTO labels VALUES('http://ns.adobe.com/photoshop/1.0/SupplementalCategories','en','Supplemental Categories');
INSERT INTO labels VALUES('http://ns.adobe.com/photoshop/1.0/TextLayers','de','Textebenen');
INSERT INTO labels VALUES('http://ns.adobe.com/photoshop/1.0/TextLayers','en','Text Layers');
INSERT INTO labels VALUES('http://ns.adobe.com/photoshop/1.0/TransmissionReference','de','Übertragungsreferenz');
INSERT INTO labels VALUES('http://ns.adobe.com/photoshop/1.0/TransmissionReference','en','Transmission Reference');
INSERT INTO labels VALUES('http://ns.adobe.com/photoshop/1.0/TransmissionReference','fr','Identificateur de tâche');
INSERT INTO labels VALUES('http://ns.adobe.com/photoshop/1.0/TransmissionReference','ja','送信記録');
INSERT INTO labels VALUES('http://ns.adobe.com/photoshop/1.0/Urgency','de','Dringlichkeit');
INSERT INTO labels VALUES('http://ns.adobe.com/photoshop/1.0/Urgency','en','Urgency');
INSERT INTO labels VALUES('http://ns.adobe.com/photoshop/1.0/Urgency','fr','Urgence');
INSERT INTO labels VALUES('http://ns.adobe.com/photoshop/1.0/Urgency','ja','重要度');
INSERT INTO labels VALUES('http://ns.adobe.com/xap/1.0/CreateDate','de','Erstellungsdatum');
INSERT INTO labels VALUES('http://ns.adobe.com/xap/1.0/CreateDate','en','Create Date');
INSERT INTO labels VALUES('http://ns.adobe.com/xap/1.0/CreateDate','fr','Date de création');
INSERT INTO labels VALUES('http://ns.adobe.com/xap/1.0/CreateDate','ja','作成日');
INSERT INTO labels VALUES('http://ns.adobe.com/xap/1.0/CreatorTool','de','Anwendung');
INSERT INTO labels VALUES('http://ns.adobe.com/xap/1.0/CreatorTool','en','Creator Tool');
INSERT INTO labels VALUES('http://ns.adobe.com/xap/1.0/CreatorTool','fr','Application');
INSERT INTO labels VALUES('http://ns.adobe.com/xap/1.0/CreatorTool','ja','アプリケーション');
INSERT INTO labels VALUES('http://ns.adobe.com/xap/1.0/Identifier','de','Kennung');
INSERT INTO labels VALUES('http://ns.adobe.com/xap/1.0/Identifier','en','Identifier');
INSERT INTO labels VALUES('http://ns.adobe.com/xap/1.0/Label','en','Label');
INSERT INTO labels VALUES('http://ns.adobe.com/xap/1.0/MetadataDate','en','Metadata Date');
INSERT INTO labels VALUES('http://ns.adobe.com/xap/1.0/ModifyDate','de','Änderungsdatum');
INSERT INTO labels VALUES('http://ns.adobe.com/xap/1.0/ModifyDate','en','Modify Date');
INSERT INTO labels VALUES('http://ns.adobe.com/xap/1.0/ModifyDate','fr','Date de modification');
INSERT INTO labels VALUES('http://ns.adobe.com/xap/1.0/ModifyDate','ja','修正日');
INSERT INTO labels VALUES('http://ns.adobe.com/xap/1.0/Rating','de','Bewertung');
INSERT INTO labels VALUES('http://ns.adobe.com/xap/1.0/Rating','en','Rating');
INSERT INTO labels VALUES('http://ns.adobe.com/xap/1.0/Rating','fr','Evaluation');
INSERT INTO labels VALUES('http://ns.adobe.com/xap/1.0/Rating','ja','レート');
INSERT INTO labels VALUES('http://ns.adobe.com/xap/1.0/mm/DerivedFrom','en','Derived From');
INSERT INTO labels VALUES('http://ns.adobe.com/xap/1.0/mm/DocumentID','en','Document ID');
INSERT INTO labels VALUES('http://ns.adobe.com/xap/1.0/mm/InstanceID','en','Instance ID');
INSERT INTO labels VALUES('http://ns.adobe.com/xap/1.0/mm/OriginalDocumentID','en','Original Document ID');
INSERT INTO labels VALUES('http://ns.adobe.com/xap/1.0/mm/RenditionClass','en','Rendition Class');
INSERT INTO labels VALUES('http://ns.adobe.com/xap/1.0/mm/RenditionParams','en','Rendition Parameters');
INSERT INTO labels VALUES('http://ns.adobe.com/xap/1.0/rights/Certificate','de','Zertifikat');
INSERT INTO labels VALUES('http://ns.adobe.com/xap/1.0/rights/Certificate','en','Certificate');
INSERT INTO labels VALUES('http://ns.adobe.com/xap/1.0/rights/Marked','de','Copyright-Status');
INSERT INTO labels VALUES('http://ns.adobe.com/xap/1.0/rights/Marked','en','Marked');
INSERT INTO labels VALUES('http://ns.adobe.com/xap/1.0/rights/Marked','fr','Etat du copyright');
INSERT INTO labels VALUES('http://ns.adobe.com/xap/1.0/rights/Marked','ja','著作権の状態');
INSERT INTO labels VALUES('http://ns.adobe.com/xap/1.0/rights/Owner','de','Copyright-Eigentümer');
INSERT INTO labels VALUES('http://ns.adobe.com/xap/1.0/rights/Owner','en','Owner');
INSERT INTO labels VALUES('http://ns.adobe.com/xap/1.0/rights/Owner','fr','Titulaire du droit d''auteur');
INSERT INTO labels VALUES('http://ns.adobe.com/xap/1.0/rights/Owner','ja','所有者');
INSERT INTO labels VALUES('http://ns.adobe.com/xap/1.0/rights/UsageTerms','de','Nutzungsbedingungen');
INSERT INTO labels VALUES('http://ns.adobe.com/xap/1.0/rights/UsageTerms','en','Usage Terms');
INSERT INTO labels VALUES('http://ns.adobe.com/xap/1.0/rights/UsageTerms','fr','Droits et conditions d''utilisation');
INSERT INTO labels VALUES('http://ns.adobe.com/xap/1.0/rights/UsageTerms','ja','使用権に関する規約');
INSERT INTO labels VALUES('http://ns.adobe.com/xap/1.0/rights/WebStatement','de','Copyright Info URL');
INSERT INTO labels VALUES('http://ns.adobe.com/xap/1.0/rights/WebStatement','en','Web Statement');
INSERT INTO labels VALUES('http://ns.adobe.com/xap/1.0/rights/WebStatement','fr','URL des infos sur les droits d''auteur');
INSERT INTO labels VALUES('http://ns.adobe.com/xap/1.0/rights/WebStatement','ja','著作権情報URL');
INSERT INTO labels VALUES('http://ns.adobe.com/xmp/identifier/qual/1.0/Scheme','de','Schema');
INSERT INTO labels VALUES('http://ns.adobe.com/xmp/identifier/qual/1.0/Scheme','en','Scheme');
INSERT INTO labels VALUES('http://ns.useplus.org/ldf/xmp/1.0/CopyrightOwner','de','Copyright-Eigentümer');
INSERT INTO labels VALUES('http://ns.useplus.org/ldf/xmp/1.0/CopyrightOwner','en','Copyright Owner');
INSERT INTO labels VALUES('http://ns.useplus.org/ldf/xmp/1.0/CopyrightOwner','fr','Titulaire du droit d''auteur');
INSERT INTO labels VALUES('http://ns.useplus.org/ldf/xmp/1.0/CopyrightOwner','ja','著作権保持者');
INSERT INTO labels VALUES('http://ns.useplus.org/ldf/xmp/1.0/ImageCreator','de','Ersteller des Bildes');
INSERT INTO labels VALUES('http://ns.useplus.org/ldf/xmp/1.0/ImageCreator','en','Image Creator');
INSERT INTO labels VALUES('http://ns.useplus.org/ldf/xmp/1.0/ImageCreator','fr','Créateur d''images');
INSERT INTO labels VALUES('http://ns.useplus.org/ldf/xmp/1.0/ImageSupplier','de','Bildanbieter');
INSERT INTO labels VALUES('http://ns.useplus.org/ldf/xmp/1.0/ImageSupplier','en','Image Supplier');
INSERT INTO labels VALUES('http://ns.useplus.org/ldf/xmp/1.0/ImageSupplier','fr','Fournisseur d''images');
INSERT INTO labels VALUES('http://ns.useplus.org/ldf/xmp/1.0/ImageSupplierImageID','de','Bildkennung des Anbieters');
INSERT INTO labels VALUES('http://ns.useplus.org/ldf/xmp/1.0/ImageSupplierImageID','en','Image Supplier Image ID');
INSERT INTO labels VALUES('http://ns.useplus.org/ldf/xmp/1.0/ImageSupplierImageID','fr','ID de l''image du fournisseur');
INSERT INTO labels VALUES('http://ns.useplus.org/ldf/xmp/1.0/Licensor','de','Lizenzgeber');
INSERT INTO labels VALUES('http://ns.useplus.org/ldf/xmp/1.0/Licensor','en','Licensor');
INSERT INTO labels VALUES('http://ns.useplus.org/ldf/xmp/1.0/Licensor','fr','Concédant de licence');
INSERT INTO labels VALUES('http://ns.useplus.org/ldf/xmp/1.0/MinorModelAgeDisclosure','de','Alter bei minderj. Fotomodell');
INSERT INTO labels VALUES('http://ns.useplus.org/ldf/xmp/1.0/MinorModelAgeDisclosure','en','Minor Model Age Disclosure');
INSERT INTO labels VALUES('http://ns.useplus.org/ldf/xmp/1.0/MinorModelAgeDisclosure','fr','Divulgation âge modèle mineur');
INSERT INTO labels VALUES('http://ns.useplus.org/ldf/xmp/1.0/ModelReleaseID','de','Kennung der Fotomodell-Freigabe');
INSERT INTO labels VALUES('http://ns.useplus.org/ldf/xmp/1.0/ModelReleaseID','en','Model Release Id');
INSERT INTO labels VALUES('http://ns.useplus.org/ldf/xmp/1.0/ModelReleaseID','fr','ID de publication du modèle');
INSERT INTO labels VALUES('http://ns.useplus.org/ldf/xmp/1.0/ModelReleaseStatus','de','Status der Fotomodell-Freigabe');
INSERT INTO labels VALUES('http://ns.useplus.org/ldf/xmp/1.0/ModelReleaseStatus','en','Model Release Status');
INSERT INTO labels VALUES('http://ns.useplus.org/ldf/xmp/1.0/ModelReleaseStatus','fr','Etat de la publication du modèle');
INSERT INTO labels VALUES('http://ns.useplus.org/ldf/xmp/1.0/PropertyReleaseID','de','Kennung der Eigentum-Freigabe');
INSERT INTO labels VALUES('http://ns.useplus.org/ldf/xmp/1.0/PropertyReleaseID','en','Property Release Id');
INSERT INTO labels VALUES('http://ns.useplus.org/ldf/xmp/1.0/PropertyReleaseID','fr','ID de publication de propriété');
INSERT INTO labels VALUES('http://ns.useplus.org/ldf/xmp/1.0/PropertyReleaseStatus','de','Status der Eigentum-Freigabe');
INSERT INTO labels VALUES('http://ns.useplus.org/ldf/xmp/1.0/PropertyReleaseStatus','en','Property Release Status');
INSERT INTO labels VALUES('http://ns.useplus.org/ldf/xmp/1.0/PropertyReleaseStatus','fr','Etat de la publication de propriété');
INSERT INTO labels VALUES('http://ns.useplus.org/ldf/xmp/1.0/Version','de','PLUS Version');
INSERT INTO labels VALUES('http://ns.useplus.org/ldf/xmp/1.0/Version','en','PLUS Version');
INSERT INTO labels VALUES('http://ns.useplus.org/ldf/xmp/1.0/Version','fr','Version PLUS');
INSERT INTO labels VALUES('http://purl.org/dc/elements/1.1/contributor','de','Mitwirkende/r');
INSERT INTO labels VALUES('http://purl.org/dc/elements/1.1/contributor','en','Contributor');
INSERT INTO labels VALUES('http://purl.org/dc/elements/1.1/contributor','fr','Collaborateur');
INSERT INTO labels VALUES('http://purl.org/dc/elements/1.1/contributor','it','Autore di contributo subordinato');
INSERT INTO labels VALUES('http://purl.org/dc/elements/1.1/contributor','ja','寄与者');
INSERT INTO labels VALUES('http://purl.org/dc/elements/1.1/coverage','de','Abdeckung');
INSERT INTO labels VALUES('http://purl.org/dc/elements/1.1/coverage','en','Coverage');
INSERT INTO labels VALUES('http://purl.org/dc/elements/1.1/coverage','fr','Couverture');
INSERT INTO labels VALUES('http://purl.org/dc/elements/1.1/coverage','it','Copertura');
INSERT INTO labels VALUES('http://purl.org/dc/elements/1.1/coverage','ja','時空間範囲');
INSERT INTO labels VALUES('http://purl.org/dc/elements/1.1/creator','de','Schöpfer/in');
INSERT INTO labels VALUES('http://purl.org/dc/elements/1.1/creator','en','Creator');
INSERT INTO labels VALUES('http://purl.org/dc/elements/1.1/creator','fr','Créateur');
INSERT INTO labels VALUES('http://purl.org/dc/elements/1.1/creator','it','Creatore');
INSERT INTO labels VALUES('http://purl.org/dc/elements/1.1/creator','ja','作成者');
INSERT INTO labels VALUES('http://purl.org/dc/elements/1.1/date','de','Zeitangabe');
INSERT INTO labels VALUES('http://purl.org/dc/elements/1.1/date','en','Date');
INSERT INTO labels VALUES('http://purl.org/dc/elements/1.1/date','fr','Date');
INSERT INTO labels VALUES('http://purl.org/dc/elements/1.1/date','it','Data');
INSERT INTO labels VALUES('http://purl.org/dc/elements/1.1/date','ja','日付');
INSERT INTO labels VALUES('http://purl.org/dc/elements/1.1/description','de','Beschreibung');
INSERT INTO labels VALUES('http://purl.org/dc/elements/1.1/description','en','Description');
INSERT INTO labels VALUES('http://purl.org/dc/elements/1.1/description','fr','Description');
INSERT INTO labels VALUES('http://purl.org/dc/elements/1.1/description','it','Descrizione');
INSERT INTO labels VALUES('http://purl.org/dc/elements/1.1/description','ja','内容記述');
INSERT INTO labels VALUES('http://purl.org/dc/elements/1.1/format','de','Format');
INSERT INTO labels VALUES('http://purl.org/dc/elements/1.1/format','en','Format');
INSERT INTO labels VALUES('http://purl.org/dc/elements/1.1/format','fr','Format');
INSERT INTO labels VALUES('http://purl.org/dc/elements/1.1/format','it','Formato');
INSERT INTO labels VALUES('http://purl.org/dc/elements/1.1/format','ja','記録形式');
INSERT INTO labels VALUES('http://purl.org/dc/elements/1.1/identifier','de','Identifikator');
INSERT INTO labels VALUES('http://purl.org/dc/elements/1.1/identifier','en','Identifier');
INSERT INTO labels VALUES('http://purl.org/dc/elements/1.1/identifier','fr','Identificateur');
INSERT INTO labels VALUES('http://purl.org/dc/elements/1.1/identifier','it','Identificatore della risorsa');
INSERT INTO labels VALUES('http://purl.org/dc/elements/1.1/identifier','ja','資源識別子');
INSERT INTO labels VALUES('http://purl.org/dc/elements/1.1/language','de','Sprache');
INSERT INTO labels VALUES('http://purl.org/dc/elements/1.1/language','en','Language');
INSERT INTO labels VALUES('http://purl.org/dc/elements/1.1/language','fr','Langue');
INSERT INTO labels VALUES('http://purl.org/dc/elements/1.1/language','it','Lingua');
INSERT INTO labels VALUES('http://purl.org/dc/elements/1.1/language','ja','言語');
INSERT INTO labels VALUES('http://purl.org/dc/elements/1.1/publisher','de','Herausgeber');
INSERT INTO labels VALUES('http://purl.org/dc/elements/1.1/publisher','en','Publisher');
INSERT INTO labels VALUES('http://purl.org/dc/elements/1.1/publisher','fr','Éditeur');
INSERT INTO labels VALUES('http://purl.org/dc/elements/1.1/publisher','it','Editore');
INSERT INTO labels VALUES('http://purl.org/dc/elements/1.1/publisher','ja','公開者');
INSERT INTO labels VALUES('http://purl.org/dc/elements/1.1/relation','de','Beziehung');
INSERT INTO labels VALUES('http://purl.org/dc/elements/1.1/relation','en','Relation');
INSERT INTO labels VALUES('http://purl.org/dc/elements/1.1/relation','fr','Relation');
INSERT INTO labels VALUES('http://purl.org/dc/elements/1.1/relation','it','Relazione');
INSERT INTO labels VALUES('http://purl.org/dc/elements/1.1/relation','ja','関係');
INSERT INTO labels VALUES('http://purl.org/dc/elements/1.1/rights','de','Rechteverwaltung');
INSERT INTO labels VALUES('http://purl.org/dc/elements/1.1/rights','en','Rights');
INSERT INTO labels VALUES('http://purl.org/dc/elements/1.1/rights','fr','Droits');
INSERT INTO labels VALUES('http://purl.org/dc/elements/1.1/rights','it','Gestione dei diritti');
INSERT INTO labels VALUES('http://purl.org/dc/elements/1.1/rights','ja','権利管理');
INSERT INTO labels VALUES('http://purl.org/dc/elements/1.1/source','de','Quelle');
INSERT INTO labels VALUES('http://purl.org/dc/elements/1.1/source','en','Source');
INSERT INTO labels VALUES('http://purl.org/dc/elements/1.1/source','fr','Source');
INSERT INTO labels VALUES('http://purl.org/dc/elements/1.1/source','it','Fonte');
INSERT INTO labels VALUES('http://purl.org/dc/elements/1.1/source','ja','出処');
INSERT INTO labels VALUES('http://purl.org/dc/elements/1.1/subject','de','Thema');
INSERT INTO labels VALUES('http://purl.org/dc/elements/1.1/subject','en','Subject');
INSERT INTO labels VALUES('http://purl.org/dc/elements/1.1/subject','fr','Sujet');
INSERT INTO labels VALUES('http://purl.org/dc/elements/1.1/subject','it','Soggetto e parole chiavi');
INSERT INTO labels VALUES('http://purl.org/dc/elements/1.1/subject','ja','キーワード');
INSERT INTO labels VALUES('http://purl.org/dc/elements/1.1/title','de','Titel');
INSERT INTO labels VALUES('http://purl.org/dc/elements/1.1/title','en','Title');
INSERT INTO labels VALUES('http://purl.org/dc/elements/1.1/title','fr','Titre');
INSERT INTO labels VALUES('http://purl.org/dc/elements/1.1/title','it','Titolo');
INSERT INTO labels VALUES('http://purl.org/dc/elements/1.1/title','ja','タイトル');
INSERT INTO labels VALUES('http://purl.org/dc/elements/1.1/type','de','Type');
INSERT INTO labels VALUES('http://purl.org/dc/elements/1.1/type','en','Type');
INSERT INTO labels VALUES('http://purl.org/dc/elements/1.1/type','fr','Type');
INSERT INTO labels VALUES('http://purl.org/dc/elements/1.1/type','it','Tipo di risorsa');
INSERT INTO labels VALUES('http://purl.org/dc/elements/1.1/type','ja','資源タイプ');
INSERT INTO labels VALUES('http://purl.org/dc/terms/Agent','en','Agent');
INSERT INTO labels VALUES('http://purl.org/dc/terms/AgentClass','en','Agent Class');
INSERT INTO labels VALUES('http://purl.org/dc/terms/BibliographicResource','en','Bibliographic Resource');
INSERT INTO labels VALUES('http://purl.org/dc/terms/Box','en','DCMI Box');
INSERT INTO labels VALUES('http://purl.org/dc/terms/FileFormat','en','File Format');
INSERT INTO labels VALUES('http://purl.org/dc/terms/Frequency','en','Frequency');
INSERT INTO labels VALUES('http://purl.org/dc/terms/ISO3166','en','ISO 3166');
INSERT INTO labels VALUES('http://purl.org/dc/terms/ISO639-2','en','ISO 639-2');
INSERT INTO labels VALUES('http://purl.org/dc/terms/ISO639-3','en','ISO 639-3');
INSERT INTO labels VALUES('http://purl.org/dc/terms/Jurisdiction','en','Jurisdiction');
INSERT INTO labels VALUES('http://purl.org/dc/terms/LicenseDocument','en','License Document');
INSERT INTO labels VALUES('http://purl.org/dc/terms/LinguisticSystem','en','Linguistic System');
INSERT INTO labels VALUES('http://purl.org/dc/terms/Location','en','Location');
INSERT INTO labels VALUES('http://purl.org/dc/terms/LocationPeriodOrJurisdiction','en','Location, Period, or Jurisdiction');
INSERT INTO labels VALUES('http://purl.org/dc/terms/MediaType','en','Media Type');
INSERT INTO labels VALUES('http://purl.org/dc/terms/MediaTypeOrExtent','en','Media Type or Extent');
INSERT INTO labels VALUES('http://purl.org/dc/terms/MethodOfAccrual','en','Method of Accrual');
INSERT INTO labels VALUES('http://purl.org/dc/terms/MethodOfInstruction','en','Method of Instruction');
INSERT INTO labels VALUES('http://purl.org/dc/terms/Period','en','DCMI Period');
INSERT INTO labels VALUES('http://purl.org/dc/terms/PeriodOfTime','en','Period of Time');
INSERT INTO labels VALUES('http://purl.org/dc/terms/PhysicalMedium','en','Physical Medium');
INSERT INTO labels VALUES('http://purl.org/dc/terms/PhysicalResource','en','Physical Resource');
INSERT INTO labels VALUES('http://purl.org/dc/terms/Point','en','DCMI Point');
INSERT INTO labels VALUES('http://purl.org/dc/terms/Policy','en','Policy');
INSERT INTO labels VALUES('http://purl.org/dc/terms/ProvenanceStatement','en','Provenance Statement');
INSERT INTO labels VALUES('http://purl.org/dc/terms/RFC1766','en','RFC 1766');
INSERT INTO labels VALUES('http://purl.org/dc/terms/RFC3066','en','RFC 3066');
INSERT INTO labels VALUES('http://purl.org/dc/terms/RFC4646','en','RFC 4646');
INSERT INTO labels VALUES('http://purl.org/dc/terms/RFC5646','en','RFC 5646');
INSERT INTO labels VALUES('http://purl.org/dc/terms/RightsStatement','en','Rights Statement');
INSERT INTO labels VALUES('http://purl.org/dc/terms/SizeOrDuration','en','Size or Duration');
INSERT INTO labels VALUES('http://purl.org/dc/terms/Standard','en','Standard');
INSERT INTO labels VALUES('http://purl.org/dc/terms/URI','en','URI');
INSERT INTO labels VALUES('http://purl.org/dc/terms/W3CDTF','en','W3C-DTF');
INSERT INTO labels VALUES('http://purl.org/dc/terms/abstract','de','Zusammenfassung');
INSERT INTO labels VALUES('http://purl.org/dc/terms/abstract','en','Abstract');
INSERT INTO labels VALUES('http://purl.org/dc/terms/abstract','fr','Résumé');
INSERT INTO labels VALUES('http://purl.org/dc/terms/abstract','it','Riassunto');
INSERT INTO labels VALUES('http://purl.org/dc/terms/abstract','ja','要約');
INSERT INTO labels VALUES('http://purl.org/dc/terms/accessRights','de','Zugangsrechte');
INSERT INTO labels VALUES('http://purl.org/dc/terms/accessRights','en','Access Rights');
INSERT INTO labels VALUES('http://purl.org/dc/terms/accessRights','fr','Droits d''accès');
INSERT INTO labels VALUES('http://purl.org/dc/terms/accessRights','it','Diritti di accesso');
INSERT INTO labels VALUES('http://purl.org/dc/terms/accessRights','ja','アクセス権');
INSERT INTO labels VALUES('http://purl.org/dc/terms/accrualMethod','en','Accrual Method');
INSERT INTO labels VALUES('http://purl.org/dc/terms/accrualMethod','fr','Méthode d''accroissement');
INSERT INTO labels VALUES('http://purl.org/dc/terms/accrualMethod','ja','収集方式');
INSERT INTO labels VALUES('http://purl.org/dc/terms/accrualPeriodicity','en','Accrual Periodicity');
INSERT INTO labels VALUES('http://purl.org/dc/terms/accrualPeriodicity','fr','Périodicité d''accroissement');
INSERT INTO labels VALUES('http://purl.org/dc/terms/accrualPeriodicity','ja','収集頻度');
INSERT INTO labels VALUES('http://purl.org/dc/terms/accrualPolicy','en','Accrual Policy');
INSERT INTO labels VALUES('http://purl.org/dc/terms/accrualPolicy','fr','Politique d''accroissement');
INSERT INTO labels VALUES('http://purl.org/dc/terms/accrualPolicy','ja','収集方針');
INSERT INTO labels VALUES('http://purl.org/dc/terms/alternative','de','Alternativer Titel');
INSERT INTO labels VALUES('http://purl.org/dc/terms/alternative','en','Alternative Title');
INSERT INTO labels VALUES('http://purl.org/dc/terms/alternative','fr','Titre alternatif');
INSERT INTO labels VALUES('http://purl.org/dc/terms/alternative','it','Alternativo');
INSERT INTO labels VALUES('http://purl.org/dc/terms/alternative','ja','タイトル');
INSERT INTO labels VALUES('http://purl.org/dc/terms/audience','de','Publikum');
INSERT INTO labels VALUES('http://purl.org/dc/terms/audience','en','Audience');
INSERT INTO labels VALUES('http://purl.org/dc/terms/audience','fr','Public');
INSERT INTO labels VALUES('http://purl.org/dc/terms/audience','it','Pubblico');
INSERT INTO labels VALUES('http://purl.org/dc/terms/audience','ja','利用対象者');
INSERT INTO labels VALUES('http://purl.org/dc/terms/available','de','Verfügbarkeitsdatum');
INSERT INTO labels VALUES('http://purl.org/dc/terms/available','en','Date Available');
INSERT INTO labels VALUES('http://purl.org/dc/terms/available','fr','Date de disponibilité');
INSERT INTO labels VALUES('http://purl.org/dc/terms/available','it','Disponibile');
INSERT INTO labels VALUES('http://purl.org/dc/terms/available','ja','利用可能日（利用可能期間）');
INSERT INTO labels VALUES('http://purl.org/dc/terms/bibliographicCitation','de','Bibliografische Referenz');
INSERT INTO labels VALUES('http://purl.org/dc/terms/bibliographicCitation','en','Bibliographic Citation');
INSERT INTO labels VALUES('http://purl.org/dc/terms/bibliographicCitation','fr','Citation bibliographique');
INSERT INTO labels VALUES('http://purl.org/dc/terms/bibliographicCitation','it','Citazione bibliografica');
INSERT INTO labels VALUES('http://purl.org/dc/terms/bibliographicCitation','ja','書誌的引用');
INSERT INTO labels VALUES('http://purl.org/dc/terms/conformsTo','de','Entspricht');
INSERT INTO labels VALUES('http://purl.org/dc/terms/conformsTo','en','Conforms To');
INSERT INTO labels VALUES('http://purl.org/dc/terms/conformsTo','fr','Conforme à');
INSERT INTO labels VALUES('http://purl.org/dc/terms/conformsTo','it','Conforme a');
INSERT INTO labels VALUES('http://purl.org/dc/terms/conformsTo','ja','準拠する');
INSERT INTO labels VALUES('http://purl.org/dc/terms/contributor','de','Mitwirkende/r');
INSERT INTO labels VALUES('http://purl.org/dc/terms/contributor','en','Contributor');
INSERT INTO labels VALUES('http://purl.org/dc/terms/contributor','fr','Collaborateur');
INSERT INTO labels VALUES('http://purl.org/dc/terms/contributor','it','Autore di contributo subordinato');
INSERT INTO labels VALUES('http://purl.org/dc/terms/contributor','ja','寄与者');
INSERT INTO labels VALUES('http://purl.org/dc/terms/coverage','de','Abdeckung');
INSERT INTO labels VALUES('http://purl.org/dc/terms/coverage','en','Coverage');
INSERT INTO labels VALUES('http://purl.org/dc/terms/coverage','fr','Couverture');
INSERT INTO labels VALUES('http://purl.org/dc/terms/coverage','it','Copertura');
INSERT INTO labels VALUES('http://purl.org/dc/terms/coverage','ja','時空間範囲');
INSERT INTO labels VALUES('http://purl.org/dc/terms/created','de','Schöpfungsdatum');
INSERT INTO labels VALUES('http://purl.org/dc/terms/created','en','Date Created');
INSERT INTO labels VALUES('http://purl.org/dc/terms/created','fr','Date de création');
INSERT INTO labels VALUES('http://purl.org/dc/terms/created','it','Creato');
INSERT INTO labels VALUES('http://purl.org/dc/terms/created','ja','作成日');
INSERT INTO labels VALUES('http://purl.org/dc/terms/creator','de','Schöpfer/in');
INSERT INTO labels VALUES('http://purl.org/dc/terms/creator','en','Creator');
INSERT INTO labels VALUES('http://purl.org/dc/terms/creator','fr','Créateur');
INSERT INTO labels VALUES('http://purl.org/dc/terms/creator','it','Creatore');
INSERT INTO labels VALUES('http://purl.org/dc/terms/creator','ja','作成者');
INSERT INTO labels VALUES('http://purl.org/dc/terms/date','de','Zeitangabe');
INSERT INTO labels VALUES('http://purl.org/dc/terms/date','en','Date');
INSERT INTO labels VALUES('http://purl.org/dc/terms/date','fr','Date');
INSERT INTO labels VALUES('http://purl.org/dc/terms/date','it','Data');
INSERT INTO labels VALUES('http://purl.org/dc/terms/date','ja','日付');
INSERT INTO labels VALUES('http://purl.org/dc/terms/dateAccepted','de','Annahmezeitpunkt');
INSERT INTO labels VALUES('http://purl.org/dc/terms/dateAccepted','en','Date Accepted');
INSERT INTO labels VALUES('http://purl.org/dc/terms/dateAccepted','fr','Date d''acceptation');
INSERT INTO labels VALUES('http://purl.org/dc/terms/dateAccepted','it','Data di accettazione');
INSERT INTO labels VALUES('http://purl.org/dc/terms/dateAccepted','ja','受理日');
INSERT INTO labels VALUES('http://purl.org/dc/terms/dateCopyrighted','en','Date Copyrighted');
INSERT INTO labels VALUES('http://purl.org/dc/terms/dateCopyrighted','fr','Date de dépôt des droits d''auteur');
INSERT INTO labels VALUES('http://purl.org/dc/terms/dateCopyrighted','it','Data di una dichiarazione di diritto');
INSERT INTO labels VALUES('http://purl.org/dc/terms/dateCopyrighted','ja','著作権発効日');
INSERT INTO labels VALUES('http://purl.org/dc/terms/dateSubmitted','de','Abgabedatum');
INSERT INTO labels VALUES('http://purl.org/dc/terms/dateSubmitted','en','Date Submitted');
INSERT INTO labels VALUES('http://purl.org/dc/terms/dateSubmitted','fr','Date de soumission');
INSERT INTO labels VALUES('http://purl.org/dc/terms/dateSubmitted','it','Data di immissione della risorsa');
INSERT INTO labels VALUES('http://purl.org/dc/terms/dateSubmitted','ja','提出日');
INSERT INTO labels VALUES('http://purl.org/dc/terms/description','de','Beschreibung');
INSERT INTO labels VALUES('http://purl.org/dc/terms/description','en','Description');
INSERT INTO labels VALUES('http://purl.org/dc/terms/description','fr','Description');
INSERT INTO labels VALUES('http://purl.org/dc/terms/description','it','Descrizione');
INSERT INTO labels VALUES('http://purl.org/dc/terms/description','ja','内容記述');
INSERT INTO labels VALUES('http://purl.org/dc/terms/educationLevel','de','Bildungsgrad');
INSERT INTO labels VALUES('http://purl.org/dc/terms/educationLevel','en','Audience Education Level');
INSERT INTO labels VALUES('http://purl.org/dc/terms/educationLevel','fr','Niveau d''éducation du public');
INSERT INTO labels VALUES('http://purl.org/dc/terms/educationLevel','it','Livello di scolarizzazione del pubblico');
INSERT INTO labels VALUES('http://purl.org/dc/terms/educationLevel','ja','利用対象者の教育レベル');
INSERT INTO labels VALUES('http://purl.org/dc/terms/extent','de','Ausdehnung');
INSERT INTO labels VALUES('http://purl.org/dc/terms/extent','en','Extent');
INSERT INTO labels VALUES('http://purl.org/dc/terms/extent','fr','Étendue');
INSERT INTO labels VALUES('http://purl.org/dc/terms/extent','it','Estensione');
INSERT INTO labels VALUES('http://purl.org/dc/terms/extent','ja','サイズ');
INSERT INTO labels VALUES('http://purl.org/dc/terms/format','de','Format');
INSERT INTO labels VALUES('http://purl.org/dc/terms/format','en','Format');
INSERT INTO labels VALUES('http://purl.org/dc/terms/format','fr','Format');
INSERT INTO labels VALUES('http://purl.org/dc/terms/format','it','Formato');
INSERT INTO labels VALUES('http://purl.org/dc/terms/format','ja','記録形式');
INSERT INTO labels VALUES('http://purl.org/dc/terms/hasFormat','de','Hat als Format');
INSERT INTO labels VALUES('http://purl.org/dc/terms/hasFormat','en','Has Format');
INSERT INTO labels VALUES('http://purl.org/dc/terms/hasFormat','fr','A pour format');
INSERT INTO labels VALUES('http://purl.org/dc/terms/hasFormat','it','Ha formato');
INSERT INTO labels VALUES('http://purl.org/dc/terms/hasFormat','ja','別の記録形式を持つ');
INSERT INTO labels VALUES('http://purl.org/dc/terms/hasPart','de','Hat als Bestandteil');
INSERT INTO labels VALUES('http://purl.org/dc/terms/hasPart','en','Has Part');
INSERT INTO labels VALUES('http://purl.org/dc/terms/hasPart','fr','A pour partie');
INSERT INTO labels VALUES('http://purl.org/dc/terms/hasPart','it','Ha parte');
INSERT INTO labels VALUES('http://purl.org/dc/terms/hasPart','ja','部分を持つ');
INSERT INTO labels VALUES('http://purl.org/dc/terms/hasVersion','de','Hat als Version');
INSERT INTO labels VALUES('http://purl.org/dc/terms/hasVersion','en','Has Version');
INSERT INTO labels VALUES('http://purl.org/dc/terms/hasVersion','fr','A pour version');
INSERT INTO labels VALUES('http://purl.org/dc/terms/hasVersion','it','Ha versione');
INSERT INTO labels VALUES('http://purl.org/dc/terms/hasVersion','ja','別バージョンを持つ');
INSERT INTO labels VALUES('http://purl.org/dc/terms/identifier','de','Identifikator');
INSERT INTO labels VALUES('http://purl.org/dc/terms/identifier','en','Identifier');
INSERT INTO labels VALUES('http://purl.org/dc/terms/identifier','fr','Identificateur');
INSERT INTO labels VALUES('http://purl.org/dc/terms/identifier','it','Identificatore della risorsa');
INSERT INTO labels VALUES('http://purl.org/dc/terms/identifier','ja','資源識別子');
INSERT INTO labels VALUES('http://purl.org/dc/terms/instructionalMethod','en','Instructional Method');
INSERT INTO labels VALUES('http://purl.org/dc/terms/instructionalMethod','fr','Méthode d''enseignement');
INSERT INTO labels VALUES('http://purl.org/dc/terms/instructionalMethod','ja','指導方法');
INSERT INTO labels VALUES('http://purl.org/dc/terms/isFormatOf','de','Ist Format von');
INSERT INTO labels VALUES('http://purl.org/dc/terms/isFormatOf','en','Is Format Of');
INSERT INTO labels VALUES('http://purl.org/dc/terms/isFormatOf','fr','Est un format de');
INSERT INTO labels VALUES('http://purl.org/dc/terms/isFormatOf','it','È formato di');
INSERT INTO labels VALUES('http://purl.org/dc/terms/isFormatOf','ja','別の記録形式である');
INSERT INTO labels VALUES('http://purl.org/dc/terms/isPartOf','de','Ist Bestandteil von');
INSERT INTO labels VALUES('http://purl.org/dc/terms/isPartOf','en','Is Part Of');
INSERT INTO labels VALUES('http://purl.org/dc/terms/isPartOf','fr','Est une partie de');
INSERT INTO labels VALUES('http://purl.org/dc/terms/isPartOf','it','È parte di');
INSERT INTO labels VALUES('http://purl.org/dc/terms/isPartOf','ja','部分である');
INSERT INTO labels VALUES('http://purl.org/dc/terms/isReferencedBy','de','Wird referenziert von');
INSERT INTO labels VALUES('http://purl.org/dc/terms/isReferencedBy','en','Is Referenced By');
INSERT INTO labels VALUES('http://purl.org/dc/terms/isReferencedBy','fr','Est référencé par');
INSERT INTO labels VALUES('http://purl.org/dc/terms/isReferencedBy','it','È riferota da');
INSERT INTO labels VALUES('http://purl.org/dc/terms/isReferencedBy','ja','参照されている');
INSERT INTO labels VALUES('http://purl.org/dc/terms/isReplacedBy','de','Wird ersetzt durch');
INSERT INTO labels VALUES('http://purl.org/dc/terms/isReplacedBy','en','Is Replaced By');
INSERT INTO labels VALUES('http://purl.org/dc/terms/isReplacedBy','fr','Est remplacé par');
INSERT INTO labels VALUES('http://purl.org/dc/terms/isReplacedBy','it','È sostituita da');
INSERT INTO labels VALUES('http://purl.org/dc/terms/isReplacedBy','ja','置換される');
INSERT INTO labels VALUES('http://purl.org/dc/terms/isRequiredBy','de','Wird benötigt von');
INSERT INTO labels VALUES('http://purl.org/dc/terms/isRequiredBy','en','Is Required By');
INSERT INTO labels VALUES('http://purl.org/dc/terms/isRequiredBy','fr','Est exigé par');
INSERT INTO labels VALUES('http://purl.org/dc/terms/isRequiredBy','it','È richiesta da');
INSERT INTO labels VALUES('http://purl.org/dc/terms/isRequiredBy','ja','必要とされる');
INSERT INTO labels VALUES('http://purl.org/dc/terms/isVersionOf','de','Ist Version von');
INSERT INTO labels VALUES('http://purl.org/dc/terms/isVersionOf','en','Is Version Of');
INSERT INTO labels VALUES('http://purl.org/dc/terms/isVersionOf','fr','Est une version de');
INSERT INTO labels VALUES('http://purl.org/dc/terms/isVersionOf','it','È versione di');
INSERT INTO labels VALUES('http://purl.org/dc/terms/isVersionOf','ja','別バージョンである');
INSERT INTO labels VALUES('http://purl.org/dc/terms/issued','de','Erscheinungsdatum');
INSERT INTO labels VALUES('http://purl.org/dc/terms/issued','en','Date Issued');
INSERT INTO labels VALUES('http://purl.org/dc/terms/issued','fr','Date de parution');
INSERT INTO labels VALUES('http://purl.org/dc/terms/issued','it','Emissione');
INSERT INTO labels VALUES('http://purl.org/dc/terms/issued','ja','発行日');
INSERT INTO labels VALUES('http://purl.org/dc/terms/language','de','Sprache');
INSERT INTO labels VALUES('http://purl.org/dc/terms/language','en','Language');
INSERT INTO labels VALUES('http://purl.org/dc/terms/language','fr','Langue');
INSERT INTO labels VALUES('http://purl.org/dc/terms/language','it','Lingua');
INSERT INTO labels VALUES('http://purl.org/dc/terms/language','ja','言語');
INSERT INTO labels VALUES('http://purl.org/dc/terms/license','de','Lizenz');
INSERT INTO labels VALUES('http://purl.org/dc/terms/license','en','License');
INSERT INTO labels VALUES('http://purl.org/dc/terms/license','fr','Licence');
INSERT INTO labels VALUES('http://purl.org/dc/terms/license','it','Licenza');
INSERT INTO labels VALUES('http://purl.org/dc/terms/license','ja','ライセンス');
INSERT INTO labels VALUES('http://purl.org/dc/terms/mediator','de','Mediator');
INSERT INTO labels VALUES('http://purl.org/dc/terms/mediator','en','Mediator');
INSERT INTO labels VALUES('http://purl.org/dc/terms/mediator','fr','Médiateur');
INSERT INTO labels VALUES('http://purl.org/dc/terms/mediator','it','Mediatore');
INSERT INTO labels VALUES('http://purl.org/dc/terms/mediator','ja','媒介者');
INSERT INTO labels VALUES('http://purl.org/dc/terms/medium','de','Medium');
INSERT INTO labels VALUES('http://purl.org/dc/terms/medium','en','Medium');
INSERT INTO labels VALUES('http://purl.org/dc/terms/medium','fr','Support');
INSERT INTO labels VALUES('http://purl.org/dc/terms/medium','it','Mezzo');
INSERT INTO labels VALUES('http://purl.org/dc/terms/medium','ja','媒体');
INSERT INTO labels VALUES('http://purl.org/dc/terms/modified','de','Bearbeitet');
INSERT INTO labels VALUES('http://purl.org/dc/terms/modified','en','Date Modified');
INSERT INTO labels VALUES('http://purl.org/dc/terms/modified','fr','Date de modification');
INSERT INTO labels VALUES('http://purl.org/dc/terms/modified','it','Modificato');
INSERT INTO labels VALUES('http://purl.org/dc/terms/modified','ja','更新日');
INSERT INTO labels VALUES('http://purl.org/dc/terms/provenance','de','Provenienz');
INSERT INTO labels VALUES('http://purl.org/dc/terms/provenance','en','Provenance');
INSERT INTO labels VALUES('http://purl.org/dc/terms/provenance','fr','Provenance');
INSERT INTO labels VALUES('http://purl.org/dc/terms/provenance','it','Dichiarazione modifiche');
INSERT INTO labels VALUES('http://purl.org/dc/terms/provenance','ja','由来情報');
INSERT INTO labels VALUES('http://purl.org/dc/terms/publisher','de','Herausgeber');
INSERT INTO labels VALUES('http://purl.org/dc/terms/publisher','en','Publisher');
INSERT INTO labels VALUES('http://purl.org/dc/terms/publisher','fr','Éditeur');
INSERT INTO labels VALUES('http://purl.org/dc/terms/publisher','it','Editore');
INSERT INTO labels VALUES('http://purl.org/dc/terms/publisher','ja','公開者');
INSERT INTO labels VALUES('http://purl.org/dc/terms/references','de','Referenzen');
INSERT INTO labels VALUES('http://purl.org/dc/terms/references','en','References');
INSERT INTO labels VALUES('http://purl.org/dc/terms/references','fr','Référence');
INSERT INTO labels VALUES('http://purl.org/dc/terms/references','it','Referimenti');
INSERT INTO labels VALUES('http://purl.org/dc/terms/references','ja','参照している');
INSERT INTO labels VALUES('http://purl.org/dc/terms/relation','de','Beziehung');
INSERT INTO labels VALUES('http://purl.org/dc/terms/relation','en','Relation');
INSERT INTO labels VALUES('http://purl.org/dc/terms/relation','fr','Relation');
INSERT INTO labels VALUES('http://purl.org/dc/terms/relation','it','Relatione');
INSERT INTO labels VALUES('http://purl.org/dc/terms/relation','ja','関係');
INSERT INTO labels VALUES('http://purl.org/dc/terms/replaces','de','Ersetzt');
INSERT INTO labels VALUES('http://purl.org/dc/terms/replaces','en','Replaces');
INSERT INTO labels VALUES('http://purl.org/dc/terms/replaces','fr','Remplace');
INSERT INTO labels VALUES('http://purl.org/dc/terms/replaces','it','Sostituisce');
INSERT INTO labels VALUES('http://purl.org/dc/terms/replaces','ja','置換している');
INSERT INTO labels VALUES('http://purl.org/dc/terms/requires','de','Benötigt');
INSERT INTO labels VALUES('http://purl.org/dc/terms/requires','en','Requires');
INSERT INTO labels VALUES('http://purl.org/dc/terms/requires','fr','Nécessite');
INSERT INTO labels VALUES('http://purl.org/dc/terms/requires','it','Richiede');
INSERT INTO labels VALUES('http://purl.org/dc/terms/requires','ja','必要とする');
INSERT INTO labels VALUES('http://purl.org/dc/terms/rights','de','Rechteverwaltung');
INSERT INTO labels VALUES('http://purl.org/dc/terms/rights','en','Rights');
INSERT INTO labels VALUES('http://purl.org/dc/terms/rights','fr','Droits');
INSERT INTO labels VALUES('http://purl.org/dc/terms/rights','it','Gestione dei diritti');
INSERT INTO labels VALUES('http://purl.org/dc/terms/rights','ja','権利管理');
INSERT INTO labels VALUES('http://purl.org/dc/terms/rightsHolder','de','Rechteinhaber/in');
INSERT INTO labels VALUES('http://purl.org/dc/terms/rightsHolder','en','Rights Holder');
INSERT INTO labels VALUES('http://purl.org/dc/terms/rightsHolder','fr','Détenteur des droits');
INSERT INTO labels VALUES('http://purl.org/dc/terms/rightsHolder','it','Chi detiene i diritti');
INSERT INTO labels VALUES('http://purl.org/dc/terms/rightsHolder','ja','権利者');
INSERT INTO labels VALUES('http://purl.org/dc/terms/source','de','Quelle');
INSERT INTO labels VALUES('http://purl.org/dc/terms/source','en','Source');
INSERT INTO labels VALUES('http://purl.org/dc/terms/source','fr','Source');
INSERT INTO labels VALUES('http://purl.org/dc/terms/source','it','Fonte');
INSERT INTO labels VALUES('http://purl.org/dc/terms/source','ja','出処');
INSERT INTO labels VALUES('http://purl.org/dc/terms/spatial','de','Räumliche Abdeckung');
INSERT INTO labels VALUES('http://purl.org/dc/terms/spatial','en','Spatial Coverage');
INSERT INTO labels VALUES('http://purl.org/dc/terms/spatial','fr','Couverture spatiale');
INSERT INTO labels VALUES('http://purl.org/dc/terms/spatial','it','Caratteristiche spaziali');
INSERT INTO labels VALUES('http://purl.org/dc/terms/spatial','ja','空間的範囲');
INSERT INTO labels VALUES('http://purl.org/dc/terms/subject','de','Thema');
INSERT INTO labels VALUES('http://purl.org/dc/terms/subject','en','Subject');
INSERT INTO labels VALUES('http://purl.org/dc/terms/subject','fr','Sujet');
INSERT INTO labels VALUES('http://purl.org/dc/terms/subject','it','Soggetto e parole chiavi');
INSERT INTO labels VALUES('http://purl.org/dc/terms/subject','ja','キーワード');
INSERT INTO labels VALUES('http://purl.org/dc/terms/tableOfContents','de','Inhaltsverzeichnis');
INSERT INTO labels VALUES('http://purl.org/dc/terms/tableOfContents','en','Table Of Contents');
INSERT INTO labels VALUES('http://purl.org/dc/terms/tableOfContents','fr','Table des matières');
INSERT INTO labels VALUES('http://purl.org/dc/terms/tableOfContents','it','Elenco del contenuto');
INSERT INTO labels VALUES('http://purl.org/dc/terms/tableOfContents','ja','目次');
INSERT INTO labels VALUES('http://purl.org/dc/terms/temporal','de','Zeitliche Abdeckung');
INSERT INTO labels VALUES('http://purl.org/dc/terms/temporal','en','Temporal Coverage');
INSERT INTO labels VALUES('http://purl.org/dc/terms/temporal','fr','Couverture temporelle');
INSERT INTO labels VALUES('http://purl.org/dc/terms/temporal','it','Caratteristiche temporali');
INSERT INTO labels VALUES('http://purl.org/dc/terms/temporal','ja','時間的範囲');
INSERT INTO labels VALUES('http://purl.org/dc/terms/title','de','Titel');
INSERT INTO labels VALUES('http://purl.org/dc/terms/title','en','Title');
INSERT INTO labels VALUES('http://purl.org/dc/terms/title','fr','Titre');
INSERT INTO labels VALUES('http://purl.org/dc/terms/title','it','Titolo');
INSERT INTO labels VALUES('http://purl.org/dc/terms/title','ja','タイトル');
INSERT INTO labels VALUES('http://purl.org/dc/terms/type','de','Typ');
INSERT INTO labels VALUES('http://purl.org/dc/terms/type','en','Type');
INSERT INTO labels VALUES('http://purl.org/dc/terms/type','fr','Type');
INSERT INTO labels VALUES('http://purl.org/dc/terms/type','it','Tipo di risorsa');
INSERT INTO labels VALUES('http://purl.org/dc/terms/type','ja','資源タイプ');
INSERT INTO labels VALUES('http://purl.org/dc/terms/valid','de','Gültigkeitsdatum');
INSERT INTO labels VALUES('http://purl.org/dc/terms/valid','en','Date Valid');
INSERT INTO labels VALUES('http://purl.org/dc/terms/valid','fr','Date de validité');
INSERT INTO labels VALUES('http://purl.org/dc/terms/valid','it','Data di validità');
INSERT INTO labels VALUES('http://purl.org/dc/terms/valid','ja','有効期間');
INSERT INTO labels VALUES('http://www.europeana.eu/schemas/edm/Agent','en','Agent');
INSERT INTO labels VALUES('http://www.europeana.eu/schemas/edm/EuropeanaAggregation','en','Europeana Aggregation');
INSERT INTO labels VALUES('http://www.europeana.eu/schemas/edm/EuropeanaObject','en','Europeana Object');
INSERT INTO labels VALUES('http://www.europeana.eu/schemas/edm/Event','en','Event');
INSERT INTO labels VALUES('http://www.europeana.eu/schemas/edm/InformationResource','en','Information Resource');
INSERT INTO labels VALUES('http://www.europeana.eu/schemas/edm/NonInformationResource','en','Non-Information Resource');
INSERT INTO labels VALUES('http://www.europeana.eu/schemas/edm/PhysicalThing','en','Physical Thing');
INSERT INTO labels VALUES('http://www.europeana.eu/schemas/edm/Place','en','Place');
INSERT INTO labels VALUES('http://www.europeana.eu/schemas/edm/ProvidedCHO','en','Provided CHO');
INSERT INTO labels VALUES('http://www.europeana.eu/schemas/edm/TimeSpan','en','Time Span');
INSERT INTO labels VALUES('http://www.europeana.eu/schemas/edm/WebResource','en','Web Resource');
INSERT INTO labels VALUES('http://www.europeana.eu/schemas/edm/aggregatedCHO','en','Aggregated Cultural Heritage Object');
INSERT INTO labels VALUES('http://www.europeana.eu/schemas/edm/begin','en','Begin');
INSERT INTO labels VALUES('http://www.europeana.eu/schemas/edm/country','en','Country');
INSERT INTO labels VALUES('http://www.europeana.eu/schemas/edm/currentLocation','en','Current Location');
INSERT INTO labels VALUES('http://www.europeana.eu/schemas/edm/dataProvider','en','Europeana Data Provider');
INSERT INTO labels VALUES('http://www.europeana.eu/schemas/edm/end','en','End');
INSERT INTO labels VALUES('http://www.europeana.eu/schemas/edm/happenedAt','en','Happened At');
INSERT INTO labels VALUES('http://www.europeana.eu/schemas/edm/hasMet','en','Has Met');
INSERT INTO labels VALUES('http://www.europeana.eu/schemas/edm/hasType','en','Has Type');
INSERT INTO labels VALUES('http://www.europeana.eu/schemas/edm/hasView','en','Has View');
INSERT INTO labels VALUES('http://www.europeana.eu/schemas/edm/incorporates','en','Incorporates');
INSERT INTO labels VALUES('http://www.europeana.eu/schemas/edm/isAnnotationOf','en','Is Annotation Of');
INSERT INTO labels VALUES('http://www.europeana.eu/schemas/edm/isDerivativeOf','en','Is Derivative Of');
INSERT INTO labels VALUES('http://www.europeana.eu/schemas/edm/isNextInSequence','en','Is Next In Sequence Of');
INSERT INTO labels VALUES('http://www.europeana.eu/schemas/edm/isRelatedTo','en','Is Related To');
INSERT INTO labels VALUES('http://www.europeana.eu/schemas/edm/isRepresentationOf','en','Is Representation Of');
INSERT INTO labels VALUES('http://www.europeana.eu/schemas/edm/isShownAt','en','Is Shown At');
INSERT INTO labels VALUES('http://www.europeana.eu/schemas/edm/isShownBy','en','Is Shown By');
INSERT INTO labels VALUES('http://www.europeana.eu/schemas/edm/isSimilarTo','en','Is Similar To');
INSERT INTO labels VALUES('http://www.europeana.eu/schemas/edm/isSuccessorOf','en','Is Successor Of');
INSERT INTO labels VALUES('http://www.europeana.eu/schemas/edm/landingPage','en','Landing Page');
INSERT INTO labels VALUES('http://www.europeana.eu/schemas/edm/language','en','Europeana Language');
INSERT INTO labels VALUES('http://www.europeana.eu/schemas/edm/object','en','Object');
INSERT INTO labels VALUES('http://www.europeana.eu/schemas/edm/occurredAt','en','Occured At');
INSERT INTO labels VALUES('http://www.europeana.eu/schemas/edm/preview','en','Preview');
INSERT INTO labels VALUES('http://www.europeana.eu/schemas/edm/provider','en','Europeana Provider');
INSERT INTO labels VALUES('http://www.europeana.eu/schemas/edm/realizes','en','Realizes');
INSERT INTO labels VALUES('http://www.europeana.eu/schemas/edm/rights','en','Europeana Rights');
INSERT INTO labels VALUES('http://www.europeana.eu/schemas/edm/type','en','Europeana Type');
INSERT INTO labels VALUES('http://www.europeana.eu/schemas/edm/ugc','en','UGC');
INSERT INTO labels VALUES('http://www.europeana.eu/schemas/edm/unstored','en','Unstored');
INSERT INTO labels VALUES('http://www.europeana.eu/schemas/edm/uri','en','Europeana URI');
INSERT INTO labels VALUES('http://www.europeana.eu/schemas/edm/userTag','en','User Tag');
INSERT INTO labels VALUES('http://www.europeana.eu/schemas/edm/wasPresentAt','en','Was Present At');
INSERT INTO labels VALUES('http://www.europeana.eu/schemas/edm/year','en','Europeana Year');
INSERT INTO labels VALUES('http://www.openarchives.org/ore/terms/AggregatedResource','en','Aggregated Resource');
INSERT INTO labels VALUES('http://www.openarchives.org/ore/terms/Aggregation','en','Aggregation');
INSERT INTO labels VALUES('http://www.openarchives.org/ore/terms/Proxy','en','Proxy');
INSERT INTO labels VALUES('http://www.openarchives.org/ore/terms/ResourceMap','en','Resource Map');
INSERT INTO labels VALUES('http://www.openarchives.org/ore/terms/aggregates','en','Aggregates');
INSERT INTO labels VALUES('http://www.openarchives.org/ore/terms/describes','en','Describes');
INSERT INTO labels VALUES('http://www.openarchives.org/ore/terms/isAggregatedBy','en','Is Aggregated By');
INSERT INTO labels VALUES('http://www.openarchives.org/ore/terms/isDescribedBy','en','Is Described By');
INSERT INTO labels VALUES('http://www.openarchives.org/ore/terms/lineage','en','Lineage');
INSERT INTO labels VALUES('http://www.openarchives.org/ore/terms/proxyFor','en','Proxy For');
INSERT INTO labels VALUES('http://www.openarchives.org/ore/terms/proxyIn','en','Proxy In');
INSERT INTO labels VALUES('http://www.openarchives.org/ore/terms/similarTo','en','Similar To');
INSERT INTO labels VALUES('http://www.w3.org/1999/02/22-rdf-syntax-ns#Alt','en','Alt');
INSERT INTO labels VALUES('http://www.w3.org/1999/02/22-rdf-syntax-ns#Bag','en','Bag');
INSERT INTO labels VALUES('http://www.w3.org/1999/02/22-rdf-syntax-ns#HTML','en','HTML');
INSERT INTO labels VALUES('http://www.w3.org/1999/02/22-rdf-syntax-ns#List','en','List');
INSERT INTO labels VALUES('http://www.w3.org/1999/02/22-rdf-syntax-ns#PlainLiteral','en','PlainLiteral');
INSERT INTO labels VALUES('http://www.w3.org/1999/02/22-rdf-syntax-ns#Property','en','Property');
INSERT INTO labels VALUES('http://www.w3.org/1999/02/22-rdf-syntax-ns#Seq','en','Seq');
INSERT INTO labels VALUES('http://www.w3.org/1999/02/22-rdf-syntax-ns#Statement','en','Statement');
INSERT INTO labels VALUES('http://www.w3.org/1999/02/22-rdf-syntax-ns#XMLLiteral','en','XMLLiteral');
INSERT INTO labels VALUES('http://www.w3.org/1999/02/22-rdf-syntax-ns#first','en','first');
INSERT INTO labels VALUES('http://www.w3.org/1999/02/22-rdf-syntax-ns#langString','en','langString');
INSERT INTO labels VALUES('http://www.w3.org/1999/02/22-rdf-syntax-ns#object','en','object');
INSERT INTO labels VALUES('http://www.w3.org/1999/02/22-rdf-syntax-ns#predicate','en','predicate');
INSERT INTO labels VALUES('http://www.w3.org/1999/02/22-rdf-syntax-ns#rest','en','rest');
INSERT INTO labels VALUES('http://www.w3.org/1999/02/22-rdf-syntax-ns#subject','en','subject');
INSERT INTO labels VALUES('http://www.w3.org/1999/02/22-rdf-syntax-ns#type','en','type');
INSERT INTO labels VALUES('http://www.w3.org/1999/02/22-rdf-syntax-ns#value','en','value');
INSERT INTO labels VALUES('http://www.w3.org/2000/01/rdf-schema#Class','en','Class');
INSERT INTO labels VALUES('http://www.w3.org/2000/01/rdf-schema#Container','en','Container');
INSERT INTO labels VALUES('http://www.w3.org/2000/01/rdf-schema#ContainerMembershipProperty','en','ContainerMembershipProperty');
INSERT INTO labels VALUES('http://www.w3.org/2000/01/rdf-schema#Datatype','en','Datatype');
INSERT INTO labels VALUES('http://www.w3.org/2000/01/rdf-schema#Literal','en','Literal');
INSERT INTO labels VALUES('http://www.w3.org/2000/01/rdf-schema#Resource','en','Resource');
INSERT INTO labels VALUES('http://www.w3.org/2000/01/rdf-schema#comment','en','comment');
INSERT INTO labels VALUES('http://www.w3.org/2000/01/rdf-schema#domain','en','domain');
INSERT INTO labels VALUES('http://www.w3.org/2000/01/rdf-schema#isDefinedBy','en','isDefinedBy');
INSERT INTO labels VALUES('http://www.w3.org/2000/01/rdf-schema#label','en','label');
INSERT INTO labels VALUES('http://www.w3.org/2000/01/rdf-schema#member','en','member');
INSERT INTO labels VALUES('http://www.w3.org/2000/01/rdf-schema#range','en','range');
INSERT INTO labels VALUES('http://www.w3.org/2000/01/rdf-schema#seeAlso','en','seeAlso');
INSERT INTO labels VALUES('http://www.w3.org/2000/01/rdf-schema#subClassOf','en','subClassOf');
INSERT INTO labels VALUES('http://www.w3.org/2000/01/rdf-schema#subPropertyOf','en','subPropertyOf');
INSERT INTO labels VALUES('http://www.w3.org/2001/XMLSchema#boolean','en','Boolean');
INSERT INTO labels VALUES('http://www.w3.org/2001/XMLSchema#decimal','en','Decimal');
INSERT INTO labels VALUES('http://www.w3.org/2001/XMLSchema#double','en','Double');
INSERT INTO labels VALUES('http://www.w3.org/2001/XMLSchema#float','en','Float');
INSERT INTO labels VALUES('http://www.w3.org/2001/XMLSchema#string','en','String');
INSERT INTO labels VALUES('http://www.w3.org/2003/12/exif/ns#IFD','de','IFD');
INSERT INTO labels VALUES('http://www.w3.org/2003/12/exif/ns#IFD','en','IFD');
INSERT INTO labels VALUES('http://www.w3.org/2003/12/exif/ns#IFD','ja','IFD');
INSERT INTO labels VALUES('http://www.w3.org/2003/12/exif/ns#_unknown','de','Unbekannt');
INSERT INTO labels VALUES('http://www.w3.org/2003/12/exif/ns#_unknown','en','Unknown tag');
INSERT INTO labels VALUES('http://www.w3.org/2003/12/exif/ns#apertureValue','de','Blendenzahl');
INSERT INTO labels VALUES('http://www.w3.org/2003/12/exif/ns#apertureValue','en','ApertureValue');
INSERT INTO labels VALUES('http://www.w3.org/2003/12/exif/ns#apertureValue','ja','絞り値');
INSERT INTO labels VALUES('http://www.w3.org/2003/12/exif/ns#artist','de','Fotograf/in');
INSERT INTO labels VALUES('http://www.w3.org/2003/12/exif/ns#artist','en','Artist');
INSERT INTO labels VALUES('http://www.w3.org/2003/12/exif/ns#bitsPerSample','en','BitsPerSample');
INSERT INTO labels VALUES('http://www.w3.org/2003/12/exif/ns#brightnessValue','de','BrightnessValue');
INSERT INTO labels VALUES('http://www.w3.org/2003/12/exif/ns#brightnessValue','en','BrightnessValue');
INSERT INTO labels VALUES('http://www.w3.org/2003/12/exif/ns#cfaPattern','en','CFAPattern');
INSERT INTO labels VALUES('http://www.w3.org/2003/12/exif/ns#colorSpace','de','Farbraum');
INSERT INTO labels VALUES('http://www.w3.org/2003/12/exif/ns#colorSpace','en','ColorSpace');
INSERT INTO labels VALUES('http://www.w3.org/2003/12/exif/ns#colorSpace','ja','色空間情報');
INSERT INTO labels VALUES('http://www.w3.org/2003/12/exif/ns#componentsConfiguration','en','ComponentsConfiguration');
INSERT INTO labels VALUES('http://www.w3.org/2003/12/exif/ns#componentsConfiguration','ja','各コンポーネントの意味');
INSERT INTO labels VALUES('http://www.w3.org/2003/12/exif/ns#compressedBitsPerPixel','en','CompressedBitsPerPixel');
INSERT INTO labels VALUES('http://www.w3.org/2003/12/exif/ns#compressedBitsPerPixel','ja','画像圧縮モード');
INSERT INTO labels VALUES('http://www.w3.org/2003/12/exif/ns#compression','de','Kompression');
INSERT INTO labels VALUES('http://www.w3.org/2003/12/exif/ns#compression','en','Compression');
INSERT INTO labels VALUES('http://www.w3.org/2003/12/exif/ns#contrast','de','Kontrast');
INSERT INTO labels VALUES('http://www.w3.org/2003/12/exif/ns#contrast','en','Contrast');
INSERT INTO labels VALUES('http://www.w3.org/2003/12/exif/ns#copyright','de','Copyright');
INSERT INTO labels VALUES('http://www.w3.org/2003/12/exif/ns#copyright','en','Copyright');
INSERT INTO labels VALUES('http://www.w3.org/2003/12/exif/ns#copyright','ja','著作権');
INSERT INTO labels VALUES('http://www.w3.org/2003/12/exif/ns#customRendered','en','CustomRendered');
INSERT INTO labels VALUES('http://www.w3.org/2003/12/exif/ns#customRendered','ja','カスタムイメージ処理');
INSERT INTO labels VALUES('http://www.w3.org/2003/12/exif/ns#datatype','de','Datentyp');
INSERT INTO labels VALUES('http://www.w3.org/2003/12/exif/ns#datatype','en','Data Type');
INSERT INTO labels VALUES('http://www.w3.org/2003/12/exif/ns#date','de','Datum');
INSERT INTO labels VALUES('http://www.w3.org/2003/12/exif/ns#date','en','Date');
INSERT INTO labels VALUES('http://www.w3.org/2003/12/exif/ns#dateAndOrTime','de','Datum und/oder Uhrzeit');
INSERT INTO labels VALUES('http://www.w3.org/2003/12/exif/ns#dateAndOrTime','en','Date and/or Time');
INSERT INTO labels VALUES('http://www.w3.org/2003/12/exif/ns#dateTime','de','Datum/Uhrzeit');
INSERT INTO labels VALUES('http://www.w3.org/2003/12/exif/ns#dateTime','en','DateTime');
INSERT INTO labels VALUES('http://www.w3.org/2003/12/exif/ns#dateTimeDigitized','de','Digitalisierungsdatum');
INSERT INTO labels VALUES('http://www.w3.org/2003/12/exif/ns#dateTimeDigitized','en','DateTimeDigitized');
INSERT INTO labels VALUES('http://www.w3.org/2003/12/exif/ns#dateTimeDigitized','ja','デジタルデータの生成日時');
INSERT INTO labels VALUES('http://www.w3.org/2003/12/exif/ns#dateTimeOriginal','de','Aufnahmedatum');
INSERT INTO labels VALUES('http://www.w3.org/2003/12/exif/ns#dateTimeOriginal','en','DateTimeOriginal');
INSERT INTO labels VALUES('http://www.w3.org/2003/12/exif/ns#dateTimeOriginal','ja','現画像データの生成日時');
INSERT INTO labels VALUES('http://www.w3.org/2003/12/exif/ns#deviceSettingDescription','en','DeviceSettingDescription');
INSERT INTO labels VALUES('http://www.w3.org/2003/12/exif/ns#deviceSettingDescription','ja','DeviceSettingDescription');
INSERT INTO labels VALUES('http://www.w3.org/2003/12/exif/ns#digitalZoomRatio','en','DigitalZoomRatio');
INSERT INTO labels VALUES('http://www.w3.org/2003/12/exif/ns#digitalZoomRatio','ja','デジタルズーム比');
INSERT INTO labels VALUES('http://www.w3.org/2003/12/exif/ns#exifAttribute','de','Exif Attribut');
INSERT INTO labels VALUES('http://www.w3.org/2003/12/exif/ns#exifAttribute','en','Exif Attribute');
INSERT INTO labels VALUES('http://www.w3.org/2003/12/exif/ns#exifVersion','de','Exif Version');
INSERT INTO labels VALUES('http://www.w3.org/2003/12/exif/ns#exifVersion','en','ExifVersion');
INSERT INTO labels VALUES('http://www.w3.org/2003/12/exif/ns#exifVersion','ja','Exifバージョン');
INSERT INTO labels VALUES('http://www.w3.org/2003/12/exif/ns#exif_IFD_Pointer','en','Exif IFD Pointer');
INSERT INTO labels VALUES('http://www.w3.org/2003/12/exif/ns#exifdata','en','Exif data');
INSERT INTO labels VALUES('http://www.w3.org/2003/12/exif/ns#exposureBiasValue','en','ExposureBiasValue');
INSERT INTO labels VALUES('http://www.w3.org/2003/12/exif/ns#exposureBiasValue','ja','露光補正値');
INSERT INTO labels VALUES('http://www.w3.org/2003/12/exif/ns#exposureIndex','en','ExposureIndex');
INSERT INTO labels VALUES('http://www.w3.org/2003/12/exif/ns#exposureMode','en','ExposureMode');
INSERT INTO labels VALUES('http://www.w3.org/2003/12/exif/ns#exposureMode','ja','露出モード');
INSERT INTO labels VALUES('http://www.w3.org/2003/12/exif/ns#exposureProgram','en','ExposureProgram');
INSERT INTO labels VALUES('http://www.w3.org/2003/12/exif/ns#exposureProgram','ja','露出プログラム');
INSERT INTO labels VALUES('http://www.w3.org/2003/12/exif/ns#exposureTime','de','Belichtungszeit');
INSERT INTO labels VALUES('http://www.w3.org/2003/12/exif/ns#exposureTime','en','ExposureTime');
INSERT INTO labels VALUES('http://www.w3.org/2003/12/exif/ns#exposureTime','ja','露出時間');
INSERT INTO labels VALUES('http://www.w3.org/2003/12/exif/ns#fNumber','de','Blendenzahl');
INSERT INTO labels VALUES('http://www.w3.org/2003/12/exif/ns#fNumber','en','FNumber');
INSERT INTO labels VALUES('http://www.w3.org/2003/12/exif/ns#fNumber','ja','絞り値(F)');
INSERT INTO labels VALUES('http://www.w3.org/2003/12/exif/ns#fileSource','en','FileSource');
INSERT INTO labels VALUES('http://www.w3.org/2003/12/exif/ns#flash','de','Blitz');
INSERT INTO labels VALUES('http://www.w3.org/2003/12/exif/ns#flash','en','Flash');
INSERT INTO labels VALUES('http://www.w3.org/2003/12/exif/ns#flash','ja','フラッシュ');
INSERT INTO labels VALUES('http://www.w3.org/2003/12/exif/ns#flashEnergy','en','FlashEnergy');
INSERT INTO labels VALUES('http://www.w3.org/2003/12/exif/ns#flashpixVersion','de','Flashpix Version');
INSERT INTO labels VALUES('http://www.w3.org/2003/12/exif/ns#flashpixVersion','en','FlashpixVersion');
INSERT INTO labels VALUES('http://www.w3.org/2003/12/exif/ns#flashpixVersion','ja','対応FlashPixバージョン');
INSERT INTO labels VALUES('http://www.w3.org/2003/12/exif/ns#focalLength','de','Brennweite');
INSERT INTO labels VALUES('http://www.w3.org/2003/12/exif/ns#focalLength','en','FocalLength');
INSERT INTO labels VALUES('http://www.w3.org/2003/12/exif/ns#focalLength','ja','レンズ焦点距離');
INSERT INTO labels VALUES('http://www.w3.org/2003/12/exif/ns#focalLengthIn35mmFilm','de','Brennweite In 35mm');
INSERT INTO labels VALUES('http://www.w3.org/2003/12/exif/ns#focalLengthIn35mmFilm','en','FocalLengthIn35mmFilm');
INSERT INTO labels VALUES('http://www.w3.org/2003/12/exif/ns#focalLengthIn35mmFilm','ja','焦点距離の35mm換算値');
INSERT INTO labels VALUES('http://www.w3.org/2003/12/exif/ns#focalPlaneResolutionUnit','en','FocalPlaneResolutionUnit');
INSERT INTO labels VALUES('http://www.w3.org/2003/12/exif/ns#focalPlaneXResolution','en','FocalPlaneXResolution');
INSERT INTO labels VALUES('http://www.w3.org/2003/12/exif/ns#focalPlaneYResolution','en','FocalPlaneYResolution');
INSERT INTO labels VALUES('http://www.w3.org/2003/12/exif/ns#gainControl','en','GainControl');
INSERT INTO labels VALUES('http://www.w3.org/2003/12/exif/ns#geo','de','Geometrische Daten');
INSERT INTO labels VALUES('http://www.w3.org/2003/12/exif/ns#geo','en','Geometric data');
INSERT INTO labels VALUES('http://www.w3.org/2003/12/exif/ns#gpsAltitude','de','Höhe');
INSERT INTO labels VALUES('http://www.w3.org/2003/12/exif/ns#gpsAltitude','en','Altitude');
INSERT INTO labels VALUES('http://www.w3.org/2003/12/exif/ns#gpsAltitude','fr','Altitude');
INSERT INTO labels VALUES('http://www.w3.org/2003/12/exif/ns#gpsAltitude','ja','高度');
INSERT INTO labels VALUES('http://www.w3.org/2003/12/exif/ns#gpsAltitudeRef','de','Referenzhöhe');
INSERT INTO labels VALUES('http://www.w3.org/2003/12/exif/ns#gpsAltitudeRef','en','Altitude Ref.');
INSERT INTO labels VALUES('http://www.w3.org/2003/12/exif/ns#gpsAreaInformation','de','Gebietsinformationen');
INSERT INTO labels VALUES('http://www.w3.org/2003/12/exif/ns#gpsAreaInformation','en','Area Information');
INSERT INTO labels VALUES('http://www.w3.org/2003/12/exif/ns#gpsAreaInformation','fr','Informations sur la zone');
INSERT INTO labels VALUES('http://www.w3.org/2003/12/exif/ns#gpsAreaInformation','ja','エリア情報');
INSERT INTO labels VALUES('http://www.w3.org/2003/12/exif/ns#gpsDOP','de','GPSDOP');
INSERT INTO labels VALUES('http://www.w3.org/2003/12/exif/ns#gpsDOP','en','DOP');
INSERT INTO labels VALUES('http://www.w3.org/2003/12/exif/ns#gpsDOP','fr','DOP');
INSERT INTO labels VALUES('http://www.w3.org/2003/12/exif/ns#gpsDOP','ja','DOP');
INSERT INTO labels VALUES('http://www.w3.org/2003/12/exif/ns#gpsDateStamp','de','Datumstempel');
INSERT INTO labels VALUES('http://www.w3.org/2003/12/exif/ns#gpsDateStamp','en','Datestamp');
INSERT INTO labels VALUES('http://www.w3.org/2003/12/exif/ns#gpsDestBearing','de','Richtung');
INSERT INTO labels VALUES('http://www.w3.org/2003/12/exif/ns#gpsDestBearing','en','Bearing');
INSERT INTO labels VALUES('http://www.w3.org/2003/12/exif/ns#gpsDestBearing','fr','Direction');
INSERT INTO labels VALUES('http://www.w3.org/2003/12/exif/ns#gpsDestBearingRef','de','Richtungsreferenz');
INSERT INTO labels VALUES('http://www.w3.org/2003/12/exif/ns#gpsDestBearingRef','en','Bearing Ref.');
INSERT INTO labels VALUES('http://www.w3.org/2003/12/exif/ns#gpsDestDistance','de','Entfernung');
INSERT INTO labels VALUES('http://www.w3.org/2003/12/exif/ns#gpsDestDistance','en','Distance');
INSERT INTO labels VALUES('http://www.w3.org/2003/12/exif/ns#gpsDestDistance','fr','Distance');
INSERT INTO labels VALUES('http://www.w3.org/2003/12/exif/ns#gpsDestDistance','ja','距離');
INSERT INTO labels VALUES('http://www.w3.org/2003/12/exif/ns#gpsDestDistanceRef','de','Entfernungsreferenz');
INSERT INTO labels VALUES('http://www.w3.org/2003/12/exif/ns#gpsDestDistanceRef','en','Distance Ref.');
INSERT INTO labels VALUES('http://www.w3.org/2003/12/exif/ns#gpsDestLatitude','de','Ziel-Breite');
INSERT INTO labels VALUES('http://www.w3.org/2003/12/exif/ns#gpsDestLatitude','en','Dest. Latitude');
INSERT INTO labels VALUES('http://www.w3.org/2003/12/exif/ns#gpsDestLatitudeRef','de','Ziel-Breitenreferenz');
INSERT INTO labels VALUES('http://www.w3.org/2003/12/exif/ns#gpsDestLatitudeRef','en','Dest. Latitude Ref.');
INSERT INTO labels VALUES('http://www.w3.org/2003/12/exif/ns#gpsDestLongitude','de','Ziel-Länge');
INSERT INTO labels VALUES('http://www.w3.org/2003/12/exif/ns#gpsDestLongitude','en','Dest. Longitude');
INSERT INTO labels VALUES('http://www.w3.org/2003/12/exif/ns#gpsDestLongitudeRef','de','Ziel-Längenreferenz');
INSERT INTO labels VALUES('http://www.w3.org/2003/12/exif/ns#gpsDestLongitudeRef','en','Dest. Longitude Ref.');
INSERT INTO labels VALUES('http://www.w3.org/2003/12/exif/ns#gpsDifferential','de','Differentielle Korrektur');
INSERT INTO labels VALUES('http://www.w3.org/2003/12/exif/ns#gpsDifferential','en','Differential Correction');
INSERT INTO labels VALUES('http://www.w3.org/2003/12/exif/ns#gpsDifferential','fr','Correction différentielle');
INSERT INTO labels VALUES('http://www.w3.org/2003/12/exif/ns#gpsDifferential','ja','誤差修正');
INSERT INTO labels VALUES('http://www.w3.org/2003/12/exif/ns#gpsImgDirection','de','Bildrichtung');
INSERT INTO labels VALUES('http://www.w3.org/2003/12/exif/ns#gpsImgDirection','en','Image Direction');
INSERT INTO labels VALUES('http://www.w3.org/2003/12/exif/ns#gpsImgDirection','fr','Direction de l''image');
INSERT INTO labels VALUES('http://www.w3.org/2003/12/exif/ns#gpsImgDirection','ja','画像方向');
INSERT INTO labels VALUES('http://www.w3.org/2003/12/exif/ns#gpsImgDirectionRef','de','Bildrichtungsreferenz');
INSERT INTO labels VALUES('http://www.w3.org/2003/12/exif/ns#gpsImgDirectionRef','en','Image Direction Ref.');
INSERT INTO labels VALUES('http://www.w3.org/2003/12/exif/ns#gpsInfo','de','GPS Info');
INSERT INTO labels VALUES('http://www.w3.org/2003/12/exif/ns#gpsInfo','en','GPS Info');
INSERT INTO labels VALUES('http://www.w3.org/2003/12/exif/ns#gpsInfo_IFD_Pointer','de','GPSInfo IFD Pointer');
INSERT INTO labels VALUES('http://www.w3.org/2003/12/exif/ns#gpsInfo_IFD_Pointer','en','GPSInfo IFD Pointer');
INSERT INTO labels VALUES('http://www.w3.org/2003/12/exif/ns#gpsLatitude','de','Breite');
INSERT INTO labels VALUES('http://www.w3.org/2003/12/exif/ns#gpsLatitude','en','Latitude');
INSERT INTO labels VALUES('http://www.w3.org/2003/12/exif/ns#gpsLatitudeRef','de','Breitenreferenz');
INSERT INTO labels VALUES('http://www.w3.org/2003/12/exif/ns#gpsLatitudeRef','en','Latitude Ref.');
INSERT INTO labels VALUES('http://www.w3.org/2003/12/exif/ns#gpsLongitude','de','Länge');
INSERT INTO labels VALUES('http://www.w3.org/2003/12/exif/ns#gpsLongitude','en','Longitude');
INSERT INTO labels VALUES('http://www.w3.org/2003/12/exif/ns#gpsLongitudeRef','de','Längenreferenz');
INSERT INTO labels VALUES('http://www.w3.org/2003/12/exif/ns#gpsLongitudeRef','en','Longitude Ref.');
INSERT INTO labels VALUES('http://www.w3.org/2003/12/exif/ns#gpsMapDatum','de','Kartendatum');
INSERT INTO labels VALUES('http://www.w3.org/2003/12/exif/ns#gpsMapDatum','en','Map Datum');
INSERT INTO labels VALUES('http://www.w3.org/2003/12/exif/ns#gpsMapDatum','fr','Système géodésique');
INSERT INTO labels VALUES('http://www.w3.org/2003/12/exif/ns#gpsMapDatum','ja','地図データ');
INSERT INTO labels VALUES('http://www.w3.org/2003/12/exif/ns#gpsMeasureMode','de','Messmethode');
INSERT INTO labels VALUES('http://www.w3.org/2003/12/exif/ns#gpsMeasureMode','en','Measure Mode');
INSERT INTO labels VALUES('http://www.w3.org/2003/12/exif/ns#gpsProcessingMethod','de','Verarbeitungsmethode');
INSERT INTO labels VALUES('http://www.w3.org/2003/12/exif/ns#gpsProcessingMethod','en','Processing Method');
INSERT INTO labels VALUES('http://www.w3.org/2003/12/exif/ns#gpsProcessingMethod','fr','Méthode de traitement');
INSERT INTO labels VALUES('http://www.w3.org/2003/12/exif/ns#gpsProcessingMethod','ja','処理方法');
INSERT INTO labels VALUES('http://www.w3.org/2003/12/exif/ns#gpsSatellites','de','Satelliten');
INSERT INTO labels VALUES('http://www.w3.org/2003/12/exif/ns#gpsSatellites','en','Satellites');
INSERT INTO labels VALUES('http://www.w3.org/2003/12/exif/ns#gpsSatellites','ja','衛星');
INSERT INTO labels VALUES('http://www.w3.org/2003/12/exif/ns#gpsSpeed','de','Empfänger-Bewegung');
INSERT INTO labels VALUES('http://www.w3.org/2003/12/exif/ns#gpsSpeed','en','Receiver Movement');
INSERT INTO labels VALUES('http://www.w3.org/2003/12/exif/ns#gpsSpeed','fr','Mouvement récepteur');
INSERT INTO labels VALUES('http://www.w3.org/2003/12/exif/ns#gpsSpeed','ja','受信機の移動');
INSERT INTO labels VALUES('http://www.w3.org/2003/12/exif/ns#gpsSpeedRef','de','Empfänger-Bewegungsreferenz');
INSERT INTO labels VALUES('http://www.w3.org/2003/12/exif/ns#gpsSpeedRef','en','Receiver Movement Ref.');
INSERT INTO labels VALUES('http://www.w3.org/2003/12/exif/ns#gpsStatus','de','Status');
INSERT INTO labels VALUES('http://www.w3.org/2003/12/exif/ns#gpsStatus','en','Status');
INSERT INTO labels VALUES('http://www.w3.org/2003/12/exif/ns#gpsTimeStamp','de','Zeitstempel');
INSERT INTO labels VALUES('http://www.w3.org/2003/12/exif/ns#gpsTimeStamp','en','TimeStamp');
INSERT INTO labels VALUES('http://www.w3.org/2003/12/exif/ns#gpsTimeStamp','fr','Horodatage');
INSERT INTO labels VALUES('http://www.w3.org/2003/12/exif/ns#gpsTimeStamp','ja','タイムスタンプ');
INSERT INTO labels VALUES('http://www.w3.org/2003/12/exif/ns#gpsTrack','en','Track');
INSERT INTO labels VALUES('http://www.w3.org/2003/12/exif/ns#gpsTrackRef','en','Track Ref');
INSERT INTO labels VALUES('http://www.w3.org/2003/12/exif/ns#gpsVersionID','de','Tag-Version');
INSERT INTO labels VALUES('http://www.w3.org/2003/12/exif/ns#gpsVersionID','en','Version ID');
INSERT INTO labels VALUES('http://www.w3.org/2003/12/exif/ns#gpsVersionID','fr','Version de balise');
INSERT INTO labels VALUES('http://www.w3.org/2003/12/exif/ns#gpsVersionID','ja','タグベーション');
INSERT INTO labels VALUES('http://www.w3.org/2003/12/exif/ns#height','de','Höhe');
INSERT INTO labels VALUES('http://www.w3.org/2003/12/exif/ns#height','en','Height');
INSERT INTO labels VALUES('http://www.w3.org/2003/12/exif/ns#ifdPointer','en','IFD Pointer');
INSERT INTO labels VALUES('http://www.w3.org/2003/12/exif/ns#imageConfig','en','Image Config');
INSERT INTO labels VALUES('http://www.w3.org/2003/12/exif/ns#imageDataCharacter','en','Image Data Character');
INSERT INTO labels VALUES('http://www.w3.org/2003/12/exif/ns#imageDataStruct','en','Image Data Structure');
INSERT INTO labels VALUES('http://www.w3.org/2003/12/exif/ns#imageDescription','de','Bildbeschreibung');
INSERT INTO labels VALUES('http://www.w3.org/2003/12/exif/ns#imageDescription','en','ImageDescription');
INSERT INTO labels VALUES('http://www.w3.org/2003/12/exif/ns#imageLength','de','Bildlänge');
INSERT INTO labels VALUES('http://www.w3.org/2003/12/exif/ns#imageLength','en','ImageLength');
INSERT INTO labels VALUES('http://www.w3.org/2003/12/exif/ns#imageUniqueID','en','ImageUniqueID');
INSERT INTO labels VALUES('http://www.w3.org/2003/12/exif/ns#imageWidth','de','Bildbreite');
INSERT INTO labels VALUES('http://www.w3.org/2003/12/exif/ns#imageWidth','en','ImageWidth');
INSERT INTO labels VALUES('http://www.w3.org/2003/12/exif/ns#interopInfo','en','Interoperability Info');
INSERT INTO labels VALUES('http://www.w3.org/2003/12/exif/ns#interoperabilityIndex','en','InteroperabilityIndex');
INSERT INTO labels VALUES('http://www.w3.org/2003/12/exif/ns#interoperabilityVersion','en','InteroperabilityVersion');
INSERT INTO labels VALUES('http://www.w3.org/2003/12/exif/ns#interoperability_IFD_Pointer','en','Interoperability IFD Pointer');
INSERT INTO labels VALUES('http://www.w3.org/2003/12/exif/ns#isoSpeedRatings','de','ISO');
INSERT INTO labels VALUES('http://www.w3.org/2003/12/exif/ns#isoSpeedRatings','en','ISOSpeedRatings');
INSERT INTO labels VALUES('http://www.w3.org/2003/12/exif/ns#isoSpeedRatings','ja','ISO感度');
INSERT INTO labels VALUES('http://www.w3.org/2003/12/exif/ns#jpegInterchangeFormat','en','JPEGInterchangeFormat');
INSERT INTO labels VALUES('http://www.w3.org/2003/12/exif/ns#jpegInterchangeFormatLength','en','JPEGInterchangeFormatLength');
INSERT INTO labels VALUES('http://www.w3.org/2003/12/exif/ns#length','de','Länge');
INSERT INTO labels VALUES('http://www.w3.org/2003/12/exif/ns#length','en','Length');
INSERT INTO labels VALUES('http://www.w3.org/2003/12/exif/ns#lightSource','de','Lichtquelle');
INSERT INTO labels VALUES('http://www.w3.org/2003/12/exif/ns#lightSource','en','LightSource');
INSERT INTO labels VALUES('http://www.w3.org/2003/12/exif/ns#lightSource','ja','光源');
INSERT INTO labels VALUES('http://www.w3.org/2003/12/exif/ns#make','de','Ausführung');
INSERT INTO labels VALUES('http://www.w3.org/2003/12/exif/ns#make','en','Make');
INSERT INTO labels VALUES('http://www.w3.org/2003/12/exif/ns#makerNote','de','MakerNote');
INSERT INTO labels VALUES('http://www.w3.org/2003/12/exif/ns#makerNote','en','MakerNote');
INSERT INTO labels VALUES('http://www.w3.org/2003/12/exif/ns#makerNote','ja','メーカーノート');
INSERT INTO labels VALUES('http://www.w3.org/2003/12/exif/ns#maxApertureValue','en','MaxApertureValue');
INSERT INTO labels VALUES('http://www.w3.org/2003/12/exif/ns#meter','en','Meter');
INSERT INTO labels VALUES('http://www.w3.org/2003/12/exif/ns#meteringMode','de','Messmodus');
INSERT INTO labels VALUES('http://www.w3.org/2003/12/exif/ns#meteringMode','en','MeteringMode');
INSERT INTO labels VALUES('http://www.w3.org/2003/12/exif/ns#meteringMode','ja','測光方式');
INSERT INTO labels VALUES('http://www.w3.org/2003/12/exif/ns#mm','en','Milimeter');
INSERT INTO labels VALUES('http://www.w3.org/2003/12/exif/ns#model','de','Modell');
INSERT INTO labels VALUES('http://www.w3.org/2003/12/exif/ns#model','en','Model');
INSERT INTO labels VALUES('http://www.w3.org/2003/12/exif/ns#oecf','de','OECF');
INSERT INTO labels VALUES('http://www.w3.org/2003/12/exif/ns#oecf','en','OECF');
INSERT INTO labels VALUES('http://www.w3.org/2003/12/exif/ns#orientation','de','Ausrichtung');
INSERT INTO labels VALUES('http://www.w3.org/2003/12/exif/ns#orientation','en','Orientation');
INSERT INTO labels VALUES('http://www.w3.org/2003/12/exif/ns#photometricInterpretation','en','PhotometricInterpretation');
INSERT INTO labels VALUES('http://www.w3.org/2003/12/exif/ns#pictTaking','en','PictTaking');
INSERT INTO labels VALUES('http://www.w3.org/2003/12/exif/ns#pimBrightness','en','PrintIM Brightness');
INSERT INTO labels VALUES('http://www.w3.org/2003/12/exif/ns#pimColorBalance','en','PrintIM ColorBalance');
INSERT INTO labels VALUES('http://www.w3.org/2003/12/exif/ns#pimContrast','en','PrintIM Contrast');
INSERT INTO labels VALUES('http://www.w3.org/2003/12/exif/ns#pimInfo','en','PIM Info');
INSERT INTO labels VALUES('http://www.w3.org/2003/12/exif/ns#pimSaturation','en','PrintIM Saturation');
INSERT INTO labels VALUES('http://www.w3.org/2003/12/exif/ns#pimSharpness','en','PrintIM Sharpness');
INSERT INTO labels VALUES('http://www.w3.org/2003/12/exif/ns#pixelXDimension','en','PixelXDimension');
INSERT INTO labels VALUES('http://www.w3.org/2003/12/exif/ns#pixelXDimension','ja','実効画像幅');
INSERT INTO labels VALUES('http://www.w3.org/2003/12/exif/ns#pixelYDimension','en','PixelYDimension');
INSERT INTO labels VALUES('http://www.w3.org/2003/12/exif/ns#pixelYDimension','ja','実効画像高さ');
INSERT INTO labels VALUES('http://www.w3.org/2003/12/exif/ns#planarConfiguration','en','PlanarConfiguration');
INSERT INTO labels VALUES('http://www.w3.org/2003/12/exif/ns#primaryChromaticities','en','PrimaryChromaticities');
INSERT INTO labels VALUES('http://www.w3.org/2003/12/exif/ns#printImageMatching_IFD_Pointer','en','PrintImageMatching IFD Pointer');
INSERT INTO labels VALUES('http://www.w3.org/2003/12/exif/ns#recOffset','en','Recording Offset');
INSERT INTO labels VALUES('http://www.w3.org/2003/12/exif/ns#referenceBlackWhite','en','ReferenceBlackWhite');
INSERT INTO labels VALUES('http://www.w3.org/2003/12/exif/ns#relatedFile','en','Related File');
INSERT INTO labels VALUES('http://www.w3.org/2003/12/exif/ns#relatedImageFileFormat','en','RelatedImageFileFormat');
INSERT INTO labels VALUES('http://www.w3.org/2003/12/exif/ns#relatedImageLength','en','RelatedImageLength');
INSERT INTO labels VALUES('http://www.w3.org/2003/12/exif/ns#relatedImageWidth','en','RelatedImageWidth');
INSERT INTO labels VALUES('http://www.w3.org/2003/12/exif/ns#relatedSoundFile','en','RelatedSoundFile');
INSERT INTO labels VALUES('http://www.w3.org/2003/12/exif/ns#resolution','de','Auflösung');
INSERT INTO labels VALUES('http://www.w3.org/2003/12/exif/ns#resolution','en','Resolution');
INSERT INTO labels VALUES('http://www.w3.org/2003/12/exif/ns#resolutionUnit','en','ResolutionUnit');
INSERT INTO labels VALUES('http://www.w3.org/2003/12/exif/ns#rowsPerStrip','en','RowsPerStrip');
INSERT INTO labels VALUES('http://www.w3.org/2003/12/exif/ns#samplesPerPixel','en','SamplesPerPixel');
INSERT INTO labels VALUES('http://www.w3.org/2003/12/exif/ns#saturation','de','Sättigung');
INSERT INTO labels VALUES('http://www.w3.org/2003/12/exif/ns#saturation','en','Saturation');
INSERT INTO labels VALUES('http://www.w3.org/2003/12/exif/ns#sceneCaptureType','en','SceneCaptureType');
INSERT INTO labels VALUES('http://www.w3.org/2003/12/exif/ns#sceneCaptureType','ja','シーンキャプチャーモード');
INSERT INTO labels VALUES('http://www.w3.org/2003/12/exif/ns#sceneType','en','SceneType');
INSERT INTO labels VALUES('http://www.w3.org/2003/12/exif/ns#seconds','de','Sekunden');
INSERT INTO labels VALUES('http://www.w3.org/2003/12/exif/ns#seconds','en','Seconds');
INSERT INTO labels VALUES('http://www.w3.org/2003/12/exif/ns#sensingMethod','en','SensingMethod');
INSERT INTO labels VALUES('http://www.w3.org/2003/12/exif/ns#sharpness','en','Sharpness');
INSERT INTO labels VALUES('http://www.w3.org/2003/12/exif/ns#shutterSpeedValue','en','ShutterSpeedValue');
INSERT INTO labels VALUES('http://www.w3.org/2003/12/exif/ns#shutterSpeedValue','ja','シャッタースピード');
INSERT INTO labels VALUES('http://www.w3.org/2003/12/exif/ns#software','de','Software');
INSERT INTO labels VALUES('http://www.w3.org/2003/12/exif/ns#software','en','Software');
INSERT INTO labels VALUES('http://www.w3.org/2003/12/exif/ns#spatialFrequencyResponse','en','SpatialFrequencyResponse');
INSERT INTO labels VALUES('http://www.w3.org/2003/12/exif/ns#spectralSensitivity','en','SpectralSensitivity');
INSERT INTO labels VALUES('http://www.w3.org/2003/12/exif/ns#spectralSensitivity','ja','スペクトル感度');
INSERT INTO labels VALUES('http://www.w3.org/2003/12/exif/ns#stripByteCounts','en','StripByteCounts');
INSERT INTO labels VALUES('http://www.w3.org/2003/12/exif/ns#stripOffsets','en','StripOffsets');
INSERT INTO labels VALUES('http://www.w3.org/2003/12/exif/ns#subSecTime','en','SubSecTime');
INSERT INTO labels VALUES('http://www.w3.org/2003/12/exif/ns#subSecTimeDigitized','en','SubSecTimeDigitized');
INSERT INTO labels VALUES('http://www.w3.org/2003/12/exif/ns#subSecTimeOriginal','en','SubSecTimeOriginal');
INSERT INTO labels VALUES('http://www.w3.org/2003/12/exif/ns#subjectArea','en','SubjectArea');
INSERT INTO labels VALUES('http://www.w3.org/2003/12/exif/ns#subjectDistance','en','SubjectDistance');
INSERT INTO labels VALUES('http://www.w3.org/2003/12/exif/ns#subjectDistanceRange','en','SubjectDistanceRange');
INSERT INTO labels VALUES('http://www.w3.org/2003/12/exif/ns#subjectLocation','en','SubjectLocation');
INSERT INTO labels VALUES('http://www.w3.org/2003/12/exif/ns#subseconds','en','Subseconds');
INSERT INTO labels VALUES('http://www.w3.org/2003/12/exif/ns#tag_number','de','Tag Nummer');
INSERT INTO labels VALUES('http://www.w3.org/2003/12/exif/ns#tag_number','en','Tag number');
INSERT INTO labels VALUES('http://www.w3.org/2003/12/exif/ns#tagid','de','Tag ID');
INSERT INTO labels VALUES('http://www.w3.org/2003/12/exif/ns#tagid','en','Tag ID');
INSERT INTO labels VALUES('http://www.w3.org/2003/12/exif/ns#transferFunction','en','TransferFunction');
INSERT INTO labels VALUES('http://www.w3.org/2003/12/exif/ns#userComment','de','Kommentar');
INSERT INTO labels VALUES('http://www.w3.org/2003/12/exif/ns#userComment','en','UserComment');
INSERT INTO labels VALUES('http://www.w3.org/2003/12/exif/ns#userInfo','de','User Info');
INSERT INTO labels VALUES('http://www.w3.org/2003/12/exif/ns#userInfo','en','User Info');
INSERT INTO labels VALUES('http://www.w3.org/2003/12/exif/ns#versionInfo','de','Versions Info');
INSERT INTO labels VALUES('http://www.w3.org/2003/12/exif/ns#versionInfo','en','Version Info');
INSERT INTO labels VALUES('http://www.w3.org/2003/12/exif/ns#whiteBalance','de','Weißabgleichk');
INSERT INTO labels VALUES('http://www.w3.org/2003/12/exif/ns#whiteBalance','en','WhiteBalance');
INSERT INTO labels VALUES('http://www.w3.org/2003/12/exif/ns#whiteBalance','ja','ホワイトバランス');
INSERT INTO labels VALUES('http://www.w3.org/2003/12/exif/ns#whitePoint','en','WhitePoint');
INSERT INTO labels VALUES('http://www.w3.org/2003/12/exif/ns#width','de','Breite');
INSERT INTO labels VALUES('http://www.w3.org/2003/12/exif/ns#width','en','Width');
INSERT INTO labels VALUES('http://www.w3.org/2003/12/exif/ns#xResolution','en','XResolution');
INSERT INTO labels VALUES('http://www.w3.org/2003/12/exif/ns#yCbCrCoefficients','en','YCbCrCoefficients');
INSERT INTO labels VALUES('http://www.w3.org/2003/12/exif/ns#yCbCrPositioning','en','YCbCrPositioning');
INSERT INTO labels VALUES('http://www.w3.org/2003/12/exif/ns#yCbCrSubSampling','en','YCbCrSubSampling');
INSERT INTO labels VALUES('http://www.w3.org/2003/12/exif/ns#yResolution','en','YResolution');
INSERT INTO labels VALUES('http://www.w3.org/2004/02/skos/core#Collection','en','Collection');
INSERT INTO labels VALUES('http://www.w3.org/2004/02/skos/core#Concept','en','Concept');
INSERT INTO labels VALUES('http://www.w3.org/2004/02/skos/core#ConceptScheme','en','Concept Scheme');
INSERT INTO labels VALUES('http://www.w3.org/2004/02/skos/core#OrderedCollection','en','Ordered Collection');
INSERT INTO labels VALUES('http://www.w3.org/2004/02/skos/core#altLabel','en','alternative label');
INSERT INTO labels VALUES('http://www.w3.org/2004/02/skos/core#broadMatch','en','has broader match');
INSERT INTO labels VALUES('http://www.w3.org/2004/02/skos/core#broader','en','has broader');
INSERT INTO labels VALUES('http://www.w3.org/2004/02/skos/core#broaderTransitive','en','has broader transitive');
INSERT INTO labels VALUES('http://www.w3.org/2004/02/skos/core#changeNote','en','change note');
INSERT INTO labels VALUES('http://www.w3.org/2004/02/skos/core#closeMatch','en','has close match');
INSERT INTO labels VALUES('http://www.w3.org/2004/02/skos/core#definition','en','definition');
INSERT INTO labels VALUES('http://www.w3.org/2004/02/skos/core#editorialNote','en','editorial note');
INSERT INTO labels VALUES('http://www.w3.org/2004/02/skos/core#exactMatch','en','has exact match');
INSERT INTO labels VALUES('http://www.w3.org/2004/02/skos/core#example','en','example');
INSERT INTO labels VALUES('http://www.w3.org/2004/02/skos/core#hasTopConcept','en','has top concept');
INSERT INTO labels VALUES('http://www.w3.org/2004/02/skos/core#hiddenLabel','en','hidden label');
INSERT INTO labels VALUES('http://www.w3.org/2004/02/skos/core#historyNote','en','history note');
INSERT INTO labels VALUES('http://www.w3.org/2004/02/skos/core#inScheme','en','is in scheme');
INSERT INTO labels VALUES('http://www.w3.org/2004/02/skos/core#mappingRelation','en','is in mapping relation with');
INSERT INTO labels VALUES('http://www.w3.org/2004/02/skos/core#member','en','has member');
INSERT INTO labels VALUES('http://www.w3.org/2004/02/skos/core#memberList','en','has member list');
INSERT INTO labels VALUES('http://www.w3.org/2004/02/skos/core#narrowMatch','en','has narrower match');
INSERT INTO labels VALUES('http://www.w3.org/2004/02/skos/core#narrower','en','has narrower');
INSERT INTO labels VALUES('http://www.w3.org/2004/02/skos/core#narrowerTransitive','en','has narrower transitive');
INSERT INTO labels VALUES('http://www.w3.org/2004/02/skos/core#notation','en','notation');
INSERT INTO labels VALUES('http://www.w3.org/2004/02/skos/core#note','en','note');
INSERT INTO labels VALUES('http://www.w3.org/2004/02/skos/core#prefLabel','en','preferred label');
INSERT INTO labels VALUES('http://www.w3.org/2004/02/skos/core#related','en','has related');
INSERT INTO labels VALUES('http://www.w3.org/2004/02/skos/core#relatedMatch','en','has related match');
INSERT INTO labels VALUES('http://www.w3.org/2004/02/skos/core#scopeNote','en','scope note');
INSERT INTO labels VALUES('http://www.w3.org/2004/02/skos/core#semanticRelation','en','is in semantic relation with');
INSERT INTO labels VALUES('http://www.w3.org/2004/02/skos/core#topConceptOf','en','is top concept in scheme');
INSERT INTO labels VALUES('https://tropy.org/v1/tropy#Field','de','Feld');
INSERT INTO labels VALUES('https://tropy.org/v1/tropy#Field','en','Template Field');
INSERT INTO labels VALUES('https://tropy.org/v1/tropy#Field','fr','Champ du modèle de saisie');
INSERT INTO labels VALUES('https://tropy.org/v1/tropy#Field','it','Campo del modello');
INSERT INTO labels VALUES('https://tropy.org/v1/tropy#Field','ja','テンプレート・フィールド');
INSERT INTO labels VALUES('https://tropy.org/v1/tropy#Image','en','Image');
INSERT INTO labels VALUES('https://tropy.org/v1/tropy#Item','de','Objekt');
INSERT INTO labels VALUES('https://tropy.org/v1/tropy#Item','en','Item');
INSERT INTO labels VALUES('https://tropy.org/v1/tropy#Item','fr','Objet');
INSERT INTO labels VALUES('https://tropy.org/v1/tropy#Item','it','Elemento');
INSERT INTO labels VALUES('https://tropy.org/v1/tropy#Item','ja','アイテム');
INSERT INTO labels VALUES('https://tropy.org/v1/tropy#List','de','List');
INSERT INTO labels VALUES('https://tropy.org/v1/tropy#List','en','List');
INSERT INTO labels VALUES('https://tropy.org/v1/tropy#List','fr','Liste');
INSERT INTO labels VALUES('https://tropy.org/v1/tropy#List','it','Lista');
INSERT INTO labels VALUES('https://tropy.org/v1/tropy#List','ja','リスト');
INSERT INTO labels VALUES('https://tropy.org/v1/tropy#Note','de','Notiz');
INSERT INTO labels VALUES('https://tropy.org/v1/tropy#Note','en','Note');
INSERT INTO labels VALUES('https://tropy.org/v1/tropy#Note','fr','Note');
INSERT INTO labels VALUES('https://tropy.org/v1/tropy#Note','it','Nota');
INSERT INTO labels VALUES('https://tropy.org/v1/tropy#Note','ja','ノート');
INSERT INTO labels VALUES('https://tropy.org/v1/tropy#Photo','de','Foto');
INSERT INTO labels VALUES('https://tropy.org/v1/tropy#Photo','en','Photo');
INSERT INTO labels VALUES('https://tropy.org/v1/tropy#Photo','fr','Photo');
INSERT INTO labels VALUES('https://tropy.org/v1/tropy#Photo','it','Foto');
INSERT INTO labels VALUES('https://tropy.org/v1/tropy#Photo','ja','写真');
INSERT INTO labels VALUES('https://tropy.org/v1/tropy#Selection','de','Ausschnitt');
INSERT INTO labels VALUES('https://tropy.org/v1/tropy#Selection','en','Selection');
INSERT INTO labels VALUES('https://tropy.org/v1/tropy#Selection','fr','Sélection');
INSERT INTO labels VALUES('https://tropy.org/v1/tropy#Selection','it','Selezione');
INSERT INTO labels VALUES('https://tropy.org/v1/tropy#Selection','ja','セレクション');
INSERT INTO labels VALUES('https://tropy.org/v1/tropy#Tag','de','Tag');
INSERT INTO labels VALUES('https://tropy.org/v1/tropy#Tag','en','Tag');
INSERT INTO labels VALUES('https://tropy.org/v1/tropy#Tag','fr','Tag');
INSERT INTO labels VALUES('https://tropy.org/v1/tropy#Tag','it','Tag');
INSERT INTO labels VALUES('https://tropy.org/v1/tropy#Tag','ja','タグ');
INSERT INTO labels VALUES('https://tropy.org/v1/tropy#Template','de','Vorlage');
INSERT INTO labels VALUES('https://tropy.org/v1/tropy#Template','en','Template');
INSERT INTO labels VALUES('https://tropy.org/v1/tropy#Template','fr','Modèle de saisie');
INSERT INTO labels VALUES('https://tropy.org/v1/tropy#Template','it','Modello');
INSERT INTO labels VALUES('https://tropy.org/v1/tropy#Template','ja','テンプレート');
INSERT INTO labels VALUES('https://tropy.org/v1/tropy#angle','en','Angle');
INSERT INTO labels VALUES('https://tropy.org/v1/tropy#box','de','Karton');
INSERT INTO labels VALUES('https://tropy.org/v1/tropy#box','en','Box');
INSERT INTO labels VALUES('https://tropy.org/v1/tropy#box','fr','Carton');
INSERT INTO labels VALUES('https://tropy.org/v1/tropy#box','it','Riquardo');
INSERT INTO labels VALUES('https://tropy.org/v1/tropy#box','ja','ボックス');
INSERT INTO labels VALUES('https://tropy.org/v1/tropy#brightness','en','Brightness');
INSERT INTO labels VALUES('https://tropy.org/v1/tropy#checksum','en','Checksum');
INSERT INTO labels VALUES('https://tropy.org/v1/tropy#collection','de','Kollektion');
INSERT INTO labels VALUES('https://tropy.org/v1/tropy#collection','en','Collection');
INSERT INTO labels VALUES('https://tropy.org/v1/tropy#collection','fr','Collection');
INSERT INTO labels VALUES('https://tropy.org/v1/tropy#collection','it','Collezione');
INSERT INTO labels VALUES('https://tropy.org/v1/tropy#collection','ja','コレクション');
INSERT INTO labels VALUES('https://tropy.org/v1/tropy#constant','de','Ist eine Konstante');
INSERT INTO labels VALUES('https://tropy.org/v1/tropy#constant','en','Constant');
INSERT INTO labels VALUES('https://tropy.org/v1/tropy#constant','fr','Constante');
INSERT INTO labels VALUES('https://tropy.org/v1/tropy#constant','it','Costante');
INSERT INTO labels VALUES('https://tropy.org/v1/tropy#constant','ja','コンスタント');
INSERT INTO labels VALUES('https://tropy.org/v1/tropy#contrast','en','Contrast');
INSERT INTO labels VALUES('https://tropy.org/v1/tropy#datatype','de','Datentyp');
INSERT INTO labels VALUES('https://tropy.org/v1/tropy#datatype','en','Datatype');
INSERT INTO labels VALUES('https://tropy.org/v1/tropy#datatype','fr','Type de données');
INSERT INTO labels VALUES('https://tropy.org/v1/tropy#datatype','it','Tipo di data');
INSERT INTO labels VALUES('https://tropy.org/v1/tropy#datatype','ja','データタイプ');
INSERT INTO labels VALUES('https://tropy.org/v1/tropy#date','de','Datum');
INSERT INTO labels VALUES('https://tropy.org/v1/tropy#date','en','Date');
INSERT INTO labels VALUES('https://tropy.org/v1/tropy#date','fr','Date');
INSERT INTO labels VALUES('https://tropy.org/v1/tropy#date','it','Data');
INSERT INTO labels VALUES('https://tropy.org/v1/tropy#date','ja','日付');
INSERT INTO labels VALUES('https://tropy.org/v1/tropy#domain','de','Domäne');
INSERT INTO labels VALUES('https://tropy.org/v1/tropy#domain','en','Domain');
INSERT INTO labels VALUES('https://tropy.org/v1/tropy#domain','fr','Domaine');
INSERT INTO labels VALUES('https://tropy.org/v1/tropy#domain','it','Domino');
INSERT INTO labels VALUES('https://tropy.org/v1/tropy#domain','ja','ドメイン');
INSERT INTO labels VALUES('https://tropy.org/v1/tropy#field','de','Feld');
INSERT INTO labels VALUES('https://tropy.org/v1/tropy#field','en','Field');
INSERT INTO labels VALUES('https://tropy.org/v1/tropy#field','fr','Champ');
INSERT INTO labels VALUES('https://tropy.org/v1/tropy#field','it','Capo');
INSERT INTO labels VALUES('https://tropy.org/v1/tropy#field','ja','フィールド');
INSERT INTO labels VALUES('https://tropy.org/v1/tropy#folder','de','Ordner');
INSERT INTO labels VALUES('https://tropy.org/v1/tropy#folder','en','Folder');
INSERT INTO labels VALUES('https://tropy.org/v1/tropy#folder','fr','Dossier');
INSERT INTO labels VALUES('https://tropy.org/v1/tropy#folder','it','Cartella');
INSERT INTO labels VALUES('https://tropy.org/v1/tropy#folder','ja','フォルダ');
INSERT INTO labels VALUES('https://tropy.org/v1/tropy#height','en','Height');
INSERT INTO labels VALUES('https://tropy.org/v1/tropy#hint','de','Hinweis');
INSERT INTO labels VALUES('https://tropy.org/v1/tropy#hint','en','Hint');
INSERT INTO labels VALUES('https://tropy.org/v1/tropy#hint','fr','Indice');
INSERT INTO labels VALUES('https://tropy.org/v1/tropy#hint','it','Suggerimento');
INSERT INTO labels VALUES('https://tropy.org/v1/tropy#hint','ja','ヒント');
INSERT INTO labels VALUES('https://tropy.org/v1/tropy#html','en','Text');
INSERT INTO labels VALUES('https://tropy.org/v1/tropy#hue','en','Hue');
INSERT INTO labels VALUES('https://tropy.org/v1/tropy#isRequired','de','Ist ein Pflichtfeld');
INSERT INTO labels VALUES('https://tropy.org/v1/tropy#isRequired','en','Is required');
INSERT INTO labels VALUES('https://tropy.org/v1/tropy#isRequired','fr','Est obligatoire');
INSERT INTO labels VALUES('https://tropy.org/v1/tropy#isRequired','it','È richiesto');
INSERT INTO labels VALUES('https://tropy.org/v1/tropy#isRequired','ja','必要とされる');
INSERT INTO labels VALUES('https://tropy.org/v1/tropy#list','en','List');
INSERT INTO labels VALUES('https://tropy.org/v1/tropy#mimetype','en','Mime-Type');
INSERT INTO labels VALUES('https://tropy.org/v1/tropy#mirror','en','Mirror');
INSERT INTO labels VALUES('https://tropy.org/v1/tropy#name','de','Name');
INSERT INTO labels VALUES('https://tropy.org/v1/tropy#name','en','Name');
INSERT INTO labels VALUES('https://tropy.org/v1/tropy#name','fr','Nom');
INSERT INTO labels VALUES('https://tropy.org/v1/tropy#name','it','Nome');
INSERT INTO labels VALUES('https://tropy.org/v1/tropy#name','ja','名前');
INSERT INTO labels VALUES('https://tropy.org/v1/tropy#negative','en','Invert Colors');
INSERT INTO labels VALUES('https://tropy.org/v1/tropy#note','en','Note');
INSERT INTO labels VALUES('https://tropy.org/v1/tropy#orientation','en','Orientation');
INSERT INTO labels VALUES('https://tropy.org/v1/tropy#path','en','Path');
INSERT INTO labels VALUES('https://tropy.org/v1/tropy#photo','de','Foto');
INSERT INTO labels VALUES('https://tropy.org/v1/tropy#photo','en','Photo');
INSERT INTO labels VALUES('https://tropy.org/v1/tropy#photo','fr','Photo');
INSERT INTO labels VALUES('https://tropy.org/v1/tropy#photo','it','Foto');
INSERT INTO labels VALUES('https://tropy.org/v1/tropy#photo','ja','写真');
INSERT INTO labels VALUES('https://tropy.org/v1/tropy#piece','de','Stück');
INSERT INTO labels VALUES('https://tropy.org/v1/tropy#piece','en','Piece');
INSERT INTO labels VALUES('https://tropy.org/v1/tropy#piece','fr','Pièce');
INSERT INTO labels VALUES('https://tropy.org/v1/tropy#piece','it','Pezzo');
INSERT INTO labels VALUES('https://tropy.org/v1/tropy#piece','ja','要素');
INSERT INTO labels VALUES('https://tropy.org/v1/tropy#property','de','Eigenschaft');
INSERT INTO labels VALUES('https://tropy.org/v1/tropy#property','en','Property');
INSERT INTO labels VALUES('https://tropy.org/v1/tropy#property','fr','Propriété');
INSERT INTO labels VALUES('https://tropy.org/v1/tropy#property','it','Proprietà');
INSERT INTO labels VALUES('https://tropy.org/v1/tropy#property','ja','プロパティ');
INSERT INTO labels VALUES('https://tropy.org/v1/tropy#saturation','en','Saturation');
INSERT INTO labels VALUES('https://tropy.org/v1/tropy#selection','de','Ausschnitt');
INSERT INTO labels VALUES('https://tropy.org/v1/tropy#selection','en','Selection');
INSERT INTO labels VALUES('https://tropy.org/v1/tropy#selection','fr','Sélection de photos');
INSERT INTO labels VALUES('https://tropy.org/v1/tropy#selection','it','Selezione');
INSERT INTO labels VALUES('https://tropy.org/v1/tropy#selection','ja','フォト・セレクション');
INSERT INTO labels VALUES('https://tropy.org/v1/tropy#sharpen','en','Sharpen');
INSERT INTO labels VALUES('https://tropy.org/v1/tropy#size','en','size');
INSERT INTO labels VALUES('https://tropy.org/v1/tropy#tag','en','Tag');
INSERT INTO labels VALUES('https://tropy.org/v1/tropy#template','de','Template');
INSERT INTO labels VALUES('https://tropy.org/v1/tropy#template','en','Template');
INSERT INTO labels VALUES('https://tropy.org/v1/tropy#template','fr','Modèle de saisie');
INSERT INTO labels VALUES('https://tropy.org/v1/tropy#template','it','Modello');
INSERT INTO labels VALUES('https://tropy.org/v1/tropy#template','ja','テンプレート');
INSERT INTO labels VALUES('https://tropy.org/v1/tropy#template-type','de','Vorlagenart');
INSERT INTO labels VALUES('https://tropy.org/v1/tropy#template-type','en','Type');
INSERT INTO labels VALUES('https://tropy.org/v1/tropy#template-type','fr','Type');
INSERT INTO labels VALUES('https://tropy.org/v1/tropy#template-type','it','Tipo');
INSERT INTO labels VALUES('https://tropy.org/v1/tropy#template-type','ja','タイプ');
INSERT INTO labels VALUES('https://tropy.org/v1/tropy#text','en','Text');
INSERT INTO labels VALUES('https://tropy.org/v1/tropy#width','en','Width');
INSERT INTO labels VALUES('https://tropy.org/v1/tropy#x','en','X');
INSERT INTO labels VALUES('https://tropy.org/v1/tropy#y','en','Y');
CREATE TABLE templates (
  template_id    TEXT     NOT NULL PRIMARY KEY,
  template_type  TEXT     NOT NULL DEFAULT 'item',
  name           TEXT     NOT NULL,
  description    TEXT,
  creator        TEXT,
  protected      BOOLEAN  NOT NULL DEFAULT 0,
  created        NUMERIC  NOT NULL DEFAULT CURRENT_TIMESTAMP,
  modified       NUMERIC  NOT NULL DEFAULT CURRENT_TIMESTAMP, version TEXT,

  CHECK (template_id != ''),
  CHECK (template_type IN (
    'https://tropy.org/v1/tropy#Item',
    'https://tropy.org/v1/tropy#Photo',
    'https://tropy.org/v1/tropy#Selection'
  ))
  CHECK (name != '')
);
INSERT INTO templates VALUES('https://tropy.org/v1/templates/generic','https://tropy.org/v1/tropy#Item','Tropy Generic','General template to fit a generic archival object','RRCHNM',1,'2019-03-02 21:01:44','2019-03-02 21:01:44','1.0.0');
INSERT INTO templates VALUES('https://tropy.org/v1/templates/correspondence','https://tropy.org/v1/tropy#Item','Tropy Correspondence','Template meant to focus on correspondence','RRCHNM',1,'2019-03-02 21:01:44','2019-03-02 21:01:44','1.0.0');
INSERT INTO templates VALUES('https://tropy.org/v1/templates/dc','https://tropy.org/v1/tropy#Item','Dublin Core','Generic template based on the Dublic Core Metadata Element Set','RRCHNM',1,'2019-03-02 21:01:44','2019-03-02 21:01:44','1.0.0');
INSERT INTO templates VALUES('https://tropy.org/v1/templates/photo','https://tropy.org/v1/tropy#Photo','Tropy Photo',NULL,NULL,1,'2019-03-02 21:01:44','2019-03-02 21:01:44','1.0.0');
INSERT INTO templates VALUES('https://tropy.org/v1/templates/selection','https://tropy.org/v1/tropy#Selection','Tropy Selection',NULL,NULL,1,'2019-03-02 21:01:44','2019-03-02 21:01:44','1.0.0');
CREATE TABLE domains (
  domain_id     INTEGER   PRIMARY KEY,
  template_id   TEXT      NOT NULL REFERENCES templates ON DELETE CASCADE,
  class_id      TEXT      NOT NULL,
  position      INTEGER,

  CHECK (class_id != ''),
  UNIQUE (template_id, class_id)
);
CREATE TABLE fields (
  field_id      INTEGER   PRIMARY KEY,
  template_id   TEXT      NOT NULL REFERENCES templates ON DELETE CASCADE,
  property_id   TEXT      NOT NULL,
  datatype_id   TEXT      NOT NULL,
  required      BOOLEAN   NOT NULL DEFAULT 0,
  constant      BOOLEAN   NOT NULL DEFAULT 0,
  hint          TEXT,
  value         TEXT,
  position      INTEGER,

  CHECK (datatype_id != ''),
  CHECK (property_id != ''),
  UNIQUE (template_id, property_id)
);
INSERT INTO fields VALUES(1,'https://tropy.org/v1/templates/generic','http://purl.org/dc/elements/1.1/title','http://www.w3.org/2001/XMLSchema#string',0,0,NULL,NULL,0);
INSERT INTO fields VALUES(2,'https://tropy.org/v1/templates/generic','http://purl.org/dc/elements/1.1/creator','http://www.w3.org/2001/XMLSchema#string',0,0,'Author or creator',NULL,1);
INSERT INTO fields VALUES(3,'https://tropy.org/v1/templates/generic','http://purl.org/dc/elements/1.1/date','https://tropy.org/v1/tropy#date',0,0,'ISO format',NULL,2);
INSERT INTO fields VALUES(4,'https://tropy.org/v1/templates/generic','http://purl.org/dc/elements/1.1/type','http://www.w3.org/2001/XMLSchema#string',0,0,'Type of document or object',NULL,3);
INSERT INTO fields VALUES(5,'https://tropy.org/v1/templates/generic','http://purl.org/dc/elements/1.1/source','http://www.w3.org/2001/XMLSchema#string',0,0,'Name of the holding archive',NULL,4);
INSERT INTO fields VALUES(6,'https://tropy.org/v1/templates/generic','https://tropy.org/v1/tropy#collection','http://www.w3.org/2001/XMLSchema#string',0,0,NULL,NULL,5);
INSERT INTO fields VALUES(7,'https://tropy.org/v1/templates/generic','https://tropy.org/v1/tropy#box','http://www.w3.org/2001/XMLSchema#string',0,0,NULL,NULL,6);
INSERT INTO fields VALUES(8,'https://tropy.org/v1/templates/generic','https://tropy.org/v1/tropy#folder','http://www.w3.org/2001/XMLSchema#string',0,0,NULL,NULL,7);
INSERT INTO fields VALUES(9,'https://tropy.org/v1/templates/generic','http://purl.org/dc/elements/1.1/identifier','http://www.w3.org/2001/XMLSchema#string',0,0,'URL or call number',NULL,8);
INSERT INTO fields VALUES(10,'https://tropy.org/v1/templates/generic','http://purl.org/dc/elements/1.1/rights','http://www.w3.org/2001/XMLSchema#string',1,0,NULL,NULL,9);
INSERT INTO fields VALUES(11,'https://tropy.org/v1/templates/correspondence','http://purl.org/dc/elements/1.1/title','http://www.w3.org/2001/XMLSchema#string',0,0,NULL,NULL,0);
INSERT INTO fields VALUES(12,'https://tropy.org/v1/templates/correspondence','http://purl.org/dc/elements/1.1/creator','http://www.w3.org/2001/XMLSchema#string',0,0,'Author or creator',NULL,1);
INSERT INTO fields VALUES(13,'https://tropy.org/v1/templates/correspondence','http://purl.org/dc/terms/audience','http://www.w3.org/2001/XMLSchema#string',0,0,NULL,NULL,2);
INSERT INTO fields VALUES(14,'https://tropy.org/v1/templates/correspondence','http://purl.org/dc/elements/1.1/date','https://tropy.org/v1/tropy#date',0,0,'ISO format',NULL,3);
INSERT INTO fields VALUES(15,'https://tropy.org/v1/templates/correspondence','http://purl.org/dc/elements/1.1/coverage','http://www.w3.org/2001/XMLSchema#string',0,0,NULL,NULL,4);
INSERT INTO fields VALUES(16,'https://tropy.org/v1/templates/correspondence','http://purl.org/dc/elements/1.1/type','http://www.w3.org/2001/XMLSchema#string',0,0,'Type of document','Correspondence',5);
INSERT INTO fields VALUES(17,'https://tropy.org/v1/templates/correspondence','http://purl.org/dc/elements/1.1/source','http://www.w3.org/2001/XMLSchema#string',0,0,'Name of the holding archive',NULL,6);
INSERT INTO fields VALUES(18,'https://tropy.org/v1/templates/correspondence','https://tropy.org/v1/tropy#collection','http://www.w3.org/2001/XMLSchema#string',0,0,NULL,NULL,7);
INSERT INTO fields VALUES(19,'https://tropy.org/v1/templates/correspondence','https://tropy.org/v1/tropy#box','http://www.w3.org/2001/XMLSchema#string',0,0,NULL,NULL,8);
INSERT INTO fields VALUES(20,'https://tropy.org/v1/templates/correspondence','https://tropy.org/v1/tropy#folder','http://www.w3.org/2001/XMLSchema#string',0,0,NULL,NULL,9);
INSERT INTO fields VALUES(21,'https://tropy.org/v1/templates/correspondence','http://purl.org/dc/elements/1.1/identifier','http://www.w3.org/2001/XMLSchema#string',0,0,'URL or call number',NULL,10);
INSERT INTO fields VALUES(22,'https://tropy.org/v1/templates/correspondence','http://purl.org/dc/elements/1.1/rights','http://www.w3.org/2001/XMLSchema#string',1,0,NULL,NULL,11);
INSERT INTO fields VALUES(23,'https://tropy.org/v1/templates/dc','http://purl.org/dc/elements/1.1/title','http://www.w3.org/2001/XMLSchema#string',0,0,NULL,NULL,0);
INSERT INTO fields VALUES(24,'https://tropy.org/v1/templates/dc','http://purl.org/dc/elements/1.1/creator','http://www.w3.org/2001/XMLSchema#string',0,0,NULL,NULL,1);
INSERT INTO fields VALUES(25,'https://tropy.org/v1/templates/dc','http://purl.org/dc/elements/1.1/date','https://tropy.org/v1/tropy#date',0,0,NULL,NULL,2);
INSERT INTO fields VALUES(26,'https://tropy.org/v1/templates/dc','http://purl.org/dc/elements/1.1/type','http://www.w3.org/2001/XMLSchema#string',0,0,NULL,NULL,3);
INSERT INTO fields VALUES(27,'https://tropy.org/v1/templates/dc','http://purl.org/dc/elements/1.1/source','http://www.w3.org/2001/XMLSchema#string',0,0,NULL,NULL,4);
INSERT INTO fields VALUES(28,'https://tropy.org/v1/templates/dc','http://purl.org/dc/elements/1.1/identifier','http://www.w3.org/2001/XMLSchema#string',0,0,NULL,NULL,5);
INSERT INTO fields VALUES(29,'https://tropy.org/v1/templates/dc','http://purl.org/dc/elements/1.1/rights','http://www.w3.org/2001/XMLSchema#string',0,0,NULL,NULL,6);
INSERT INTO fields VALUES(30,'https://tropy.org/v1/templates/dc','http://purl.org/dc/elements/1.1/subject','http://www.w3.org/2001/XMLSchema#string',0,0,NULL,NULL,7);
INSERT INTO fields VALUES(31,'https://tropy.org/v1/templates/dc','http://purl.org/dc/elements/1.1/language','http://www.w3.org/2001/XMLSchema#string',0,0,NULL,NULL,8);
INSERT INTO fields VALUES(32,'https://tropy.org/v1/templates/dc','http://purl.org/dc/elements/1.1/format','http://www.w3.org/2001/XMLSchema#string',0,0,NULL,NULL,9);
INSERT INTO fields VALUES(33,'https://tropy.org/v1/templates/dc','http://purl.org/dc/elements/1.1/contributor','http://www.w3.org/2001/XMLSchema#string',0,0,NULL,NULL,10);
INSERT INTO fields VALUES(34,'https://tropy.org/v1/templates/dc','http://purl.org/dc/elements/1.1/description','http://www.w3.org/2001/XMLSchema#string',0,0,NULL,NULL,11);
INSERT INTO fields VALUES(35,'https://tropy.org/v1/templates/dc','http://purl.org/dc/elements/1.1/publisher','http://www.w3.org/2001/XMLSchema#string',0,0,NULL,NULL,12);
INSERT INTO fields VALUES(36,'https://tropy.org/v1/templates/dc','http://purl.org/dc/elements/1.1/coverage','http://www.w3.org/2001/XMLSchema#string',0,0,NULL,NULL,13);
INSERT INTO fields VALUES(37,'https://tropy.org/v1/templates/dc','http://purl.org/dc/elements/1.1/relation','http://www.w3.org/2001/XMLSchema#string',0,0,NULL,NULL,14);
INSERT INTO fields VALUES(38,'https://tropy.org/v1/templates/photo','http://purl.org/dc/elements/1.1/title','http://www.w3.org/2001/XMLSchema#string',0,0,NULL,NULL,0);
INSERT INTO fields VALUES(39,'https://tropy.org/v1/templates/photo','http://purl.org/dc/elements/1.1/date','https://tropy.org/v1/tropy#date',0,0,NULL,NULL,1);
INSERT INTO fields VALUES(40,'https://tropy.org/v1/templates/selection','http://purl.org/dc/elements/1.1/title','http://www.w3.org/2001/XMLSchema#string',0,0,NULL,NULL,0);
CREATE TABLE field_labels (
  field_id  INTEGER  NOT NULL REFERENCES fields ON DELETE CASCADE,
  language  TEXT     NOT NULL COLLATE NOCASE,
  label     TEXT     NOT NULL,

  PRIMARY KEY (field_id, language),

  CHECK (
    label != '' AND language != '' AND language = trim(lower(language))
  )
) WITHOUT ROWID;
INSERT INTO field_labels VALUES(5,'en','Archive');
INSERT INTO field_labels VALUES(12,'en','Author');
INSERT INTO field_labels VALUES(13,'en','Recipient');
INSERT INTO field_labels VALUES(15,'en','Location');
INSERT INTO field_labels VALUES(17,'en','Archive');
COMMIT;
PRAGMA foreign_keys=ON;