--
-- This file is auto-generated by executing all current
-- migrations. Instead of editing this file, please create
-- migrations to incrementally modify the database, and
-- then regenerate this schema file.
--
-- To create a new empty migration, run:
--   node scripts/db migration -- ontology [name] [sql|js]
--
-- To re-generate this file, run:
--   node scripts/db migrate
--

-- Save the current migration number
PRAGMA user_version=1710272322;

-- Load sqlite3 .dump
PRAGMA foreign_keys=OFF;
BEGIN TRANSACTION;
CREATE TABLE vocabularies (
  vocabulary_id   TEXT     NOT NULL PRIMARY KEY,
  prefix          TEXT,
  created         NUMERIC  NOT NULL DEFAULT CURRENT_TIMESTAMP,
  deleted         NUMERIC,
  protected       BOOLEAN  NOT NULL DEFAULT 0,
  title           TEXT,
  description     TEXT,
  comment         TEXT,
  see_also        TEXT,

  CHECK (vocabulary_id != '' AND prefix != ''),
  UNIQUE (prefix)
);
INSERT INTO vocabularies VALUES('https://tropy.org/v1/tropy#','tropy','2017-10-27 21:28:19',NULL,1,'Tropy Vocabulary','The RDF vocabulary for https://tropy.org/v1/tropy defines the core elements used by the Tropy application and Tropy templates.',NULL,'https://tropy.org/');
INSERT INTO vocabularies VALUES('http://www.w3.org/2001/XMLSchema#','xsd','2017-10-27 21:28:19',NULL,1,'XML Schema Definition Language (XSD) Datatypes','XML Schema: Datatypes is part 2 of the specification of the XML Schema language. It defines facilities for defining datatypes to be used in XML Schemas as well as other XML specifications. The datatype language, which is itself represented in XML, provides a superset of the capabilities found in XML document type definitions (DTDs) for specifying datatypes on elements and attributes.',NULL,'https://www.w3.org/TR/xmlschema11-2/');
INSERT INTO vocabularies VALUES('http://purl.org/dc/elements/1.1/','dc','2017-10-27 21:28:19',NULL,1,'Dublin Core Metadata Element Set',NULL,NULL,NULL);
INSERT INTO vocabularies VALUES('http://purl.org/dc/terms/','dcterms','2017-10-27 21:28:19',NULL,1,'DCMI Metadata Terms',NULL,NULL,NULL);
INSERT INTO vocabularies VALUES('http://www.w3.org/1999/02/22-rdf-syntax-ns#','rdf','2017-10-27 21:28:19',NULL,1,'RDF Concepts Vocabulary (RDF)','This is the RDF Schema for the RDF vocabulary terms in the RDF Namespace, defined in RDF 1.1 Concepts.',NULL,NULL);
INSERT INTO vocabularies VALUES('http://www.w3.org/2000/01/rdf-schema#','rdfs','2017-10-27 21:28:19',NULL,1,'RDF Schema Vocabulary (RDFS)',NULL,NULL,'http://www.w3.org/2000/01/rdf-schema-more');
INSERT INTO vocabularies VALUES('http://www.openarchives.org/ore/terms/','ore','2017-10-27 21:28:19',NULL,1,'OAI ORE Terms Vocabulary','The set of terms provided by the OAI ORE initiative',NULL,'http://www.openarchives.org/ore/toc');
INSERT INTO vocabularies VALUES('http://www.w3.org/2004/02/skos/core#','skos','2017-10-27 21:28:19',NULL,1,'SKOS Vocabulary','An RDF vocabulary for describing the basic structure and content of concept schemes such as thesauri, classification schemes, subject heading lists, taxonomies, ''folksonomies'', other types of controlled vocabulary, and also concept schemes embedded in glossaries and terminologies.',NULL,'http://www.w3.org/TR/skos-reference/');
INSERT INTO vocabularies VALUES('http://www.europeana.eu/schemas/edm/','edm','2017-10-27 21:28:19',NULL,1,'Europeana Data Model (EDM) Vocabulary','The Europeana Data Model (EDM) is aimed at being an integration medium for collecting, connecting and enriching the descriptions provided by Europeana data providers. The RDF vocabulary for http://www.europeana.eu/schemas/edm/ defines the elements introduced by EDM (as opposed to the ones EDM re-uses from other namespaces).',NULL,'http://europeanalabs.eu/wiki/EDMPrototypingTask11');
CREATE TABLE properties (
  property_id     TEXT NOT NULL PRIMARY KEY,
  vocabulary_id   TEXT NOT NULL REFERENCES vocabularies ON DELETE CASCADE,
  domain          TEXT,
  range           TEXT,
  parent          TEXT,
  description     TEXT,
  comment         TEXT,

  CHECK (property_id != '')
);
INSERT INTO properties VALUES('https://tropy.org/v1/tropy#constant','https://tropy.org/v1/tropy#','https://tropy.org/v1/tropy#Field',NULL,NULL,NULL,'A field''s constant, pre-filled value.');
INSERT INTO properties VALUES('https://tropy.org/v1/tropy#isRequired','https://tropy.org/v1/tropy#','https://tropy.org/v1/tropy#Field',NULL,NULL,NULL,'A flag to mark fields as required.');
INSERT INTO properties VALUES('https://tropy.org/v1/tropy#hint','https://tropy.org/v1/tropy#','https://tropy.org/v1/tropy#Field',NULL,NULL,NULL,'Describes a field''s intended usage.');
INSERT INTO properties VALUES('https://tropy.org/v1/tropy#datatype','https://tropy.org/v1/tropy#','https://tropy.org/v1/tropy#Field','http://www.w3.org/2000/01/rdf-schema#Datatype',NULL,NULL,'Denotes the field''s suggested datatype.');
INSERT INTO properties VALUES('https://tropy.org/v1/tropy#property','https://tropy.org/v1/tropy#','https://tropy.org/v1/tropy#Field','http://www.w3.org/1999/02/22-rdf-syntax-ns#Property',NULL,NULL,'Denotes the field''s property.');
INSERT INTO properties VALUES('https://tropy.org/v1/tropy#field','https://tropy.org/v1/tropy#','https://tropy.org/v1/tropy#Template','https://tropy.org/v1/tropy#Field',NULL,NULL,'Describes a field in the template.');
INSERT INTO properties VALUES('https://tropy.org/v1/tropy#domain','https://tropy.org/v1/tropy#','https://tropy.org/v1/tropy#Template',NULL,NULL,NULL,'Denotes a valid class for the item described by the template.');
INSERT INTO properties VALUES('https://tropy.org/v1/tropy#template-type','https://tropy.org/v1/tropy#','https://tropy.org/v1/tropy#Template','http://www.w3.org/2000/01/rdf-schema#Class',NULL,NULL,'The type of object, in Tropy, which the template describes.');
INSERT INTO properties VALUES('https://tropy.org/v1/tropy#collection','https://tropy.org/v1/tropy#','https://tropy.org/v1/tropy#Selection',NULL,NULL,NULL,'A unit of archival organizations.');
INSERT INTO properties VALUES('https://tropy.org/v1/tropy#piece','https://tropy.org/v1/tropy#','https://tropy.org/v1/tropy#Selection',NULL,NULL,NULL,'A unit of archival organization, usually within a folder.');
INSERT INTO properties VALUES('https://tropy.org/v1/tropy#folder','https://tropy.org/v1/tropy#','https://tropy.org/v1/tropy#Selection',NULL,NULL,NULL,'A unit of archival organization, usually within a box.');
INSERT INTO properties VALUES('https://tropy.org/v1/tropy#box','https://tropy.org/v1/tropy#','https://tropy.org/v1/tropy#Selection',NULL,NULL,NULL,'A unit of archival organization.');
INSERT INTO properties VALUES('https://tropy.org/v1/tropy#selection','https://tropy.org/v1/tropy#','https://tropy.org/v1/tropy#Photo','https://tropy.org/v1/tropy#Selection',NULL,NULL,'A Tropy photo selection.');
INSERT INTO properties VALUES('https://tropy.org/v1/tropy#photo','https://tropy.org/v1/tropy#',NULL,'https://tropy.org/v1/tropy#Photo',NULL,NULL,'A Tropy photo.');
INSERT INTO properties VALUES('https://tropy.org/v1/tropy#template','https://tropy.org/v1/tropy#',NULL,'https://tropy.org/v1/tropy#Template',NULL,NULL,'A Tropy template.');
INSERT INTO properties VALUES('https://tropy.org/v1/tropy#name','https://tropy.org/v1/tropy#','https://tropy.org/v1/tropy#Template','http://www.w3.org/2000/01/rdf-schema#Literal',NULL,NULL,'A unique name.');
INSERT INTO properties VALUES('http://purl.org/dc/elements/1.1/type','http://purl.org/dc/elements/1.1/',NULL,NULL,NULL,'Recommended best practice is to use a controlled vocabulary such as the DCMI Type Vocabulary [DCMITYPE]. To describe the file format, physical medium, or dimensions of the resource, use the Format element.','The nature or genre of the resource.');
INSERT INTO properties VALUES('http://purl.org/dc/elements/1.1/title','http://purl.org/dc/elements/1.1/',NULL,NULL,NULL,NULL,'A name given to the resource.');
INSERT INTO properties VALUES('http://purl.org/dc/elements/1.1/subject','http://purl.org/dc/elements/1.1/',NULL,NULL,NULL,'Typically, the subject will be represented using keywords, key phrases, or classification codes. Recommended best practice is to use a controlled vocabulary.','The topic of the resource.');
INSERT INTO properties VALUES('http://purl.org/dc/elements/1.1/source','http://purl.org/dc/elements/1.1/',NULL,NULL,NULL,'The described resource may be derived from the related resource in whole or in part. Recommended best practice is to identify the related resource by means of a string conforming to a formal identification system.','A related resource from which the described resource is derived.');
INSERT INTO properties VALUES('http://purl.org/dc/elements/1.1/rights','http://purl.org/dc/elements/1.1/',NULL,NULL,NULL,'Typically, rights information includes a statement about various property rights associated with the resource, including intellectual property rights.','Information about rights held in and over the resource.');
INSERT INTO properties VALUES('http://purl.org/dc/elements/1.1/relation','http://purl.org/dc/elements/1.1/',NULL,NULL,NULL,'Recommended best practice is to identify the related resource by means of a string conforming to a formal identification system. ','A related resource.');
INSERT INTO properties VALUES('http://purl.org/dc/elements/1.1/publisher','http://purl.org/dc/elements/1.1/',NULL,NULL,NULL,'Examples of a Publisher include a person, an organization, or a service. Typically, the name of a Publisher should be used to indicate the entity.','An entity responsible for making the resource available.');
INSERT INTO properties VALUES('http://purl.org/dc/elements/1.1/language','http://purl.org/dc/elements/1.1/',NULL,NULL,NULL,'Recommended best practice is to use a controlled vocabulary such as RFC 4646 [RFC4646].','A language of the resource.');
INSERT INTO properties VALUES('http://purl.org/dc/elements/1.1/identifier','http://purl.org/dc/elements/1.1/',NULL,NULL,NULL,'Recommended best practice is to identify the resource by means of a string conforming to a formal identification system. ','An unambiguous reference to the resource within a given context.');
INSERT INTO properties VALUES('http://purl.org/dc/elements/1.1/format','http://purl.org/dc/elements/1.1/',NULL,NULL,NULL,'Examples of dimensions include size and duration. Recommended best practice is to use a controlled vocabulary such as the list of Internet Media Types [MIME].','The file format, physical medium, or dimensions of the resource.');
INSERT INTO properties VALUES('http://purl.org/dc/elements/1.1/description','http://purl.org/dc/elements/1.1/',NULL,NULL,NULL,'Description may include but is not limited to: an abstract, a table of contents, a graphical representation, or a free-text account of the resource.','An account of the resource.');
INSERT INTO properties VALUES('http://purl.org/dc/elements/1.1/date','http://purl.org/dc/elements/1.1/',NULL,NULL,NULL,'Date may be used to express temporal information at any level of granularity.  Recommended best practice is to use an encoding scheme, such as the W3CDTF profile of ISO 8601 [W3CDTF].','A point or period of time associated with an event in the lifecycle of the resource.');
INSERT INTO properties VALUES('http://purl.org/dc/elements/1.1/creator','http://purl.org/dc/elements/1.1/',NULL,NULL,NULL,'Examples of a Creator include a person, an organization, or a service. Typically, the name of a Creator should be used to indicate the entity.','An entity primarily responsible for making the resource.');
INSERT INTO properties VALUES('http://purl.org/dc/elements/1.1/coverage','http://purl.org/dc/elements/1.1/',NULL,NULL,NULL,'Spatial topic and spatial applicability may be a named place or a location specified by its geographic coordinates. Temporal topic may be a named period, date, or date range. A jurisdiction may be a named administrative entity or a geographic place to which the resource applies. Recommended best practice is to use a controlled vocabulary such as the Thesaurus of Geographic Names [TGN]. Where appropriate, named places or time periods can be used in preference to numeric identifiers such as sets of coordinates or date ranges.','The spatial or temporal topic of the resource, the spatial applicability of the resource, or the jurisdiction under which the resource is relevant.');
INSERT INTO properties VALUES('http://purl.org/dc/elements/1.1/contributor','http://purl.org/dc/elements/1.1/',NULL,NULL,NULL,'Examples of a Contributor include a person, an organization, or a service. Typically, the name of a Contributor should be used to indicate the entity.','An entity responsible for making contributions to the resource.');
INSERT INTO properties VALUES('http://purl.org/dc/terms/valid','http://purl.org/dc/terms/',NULL,'http://www.w3.org/2000/01/rdf-schema#Literal',NULL,NULL,'Date (often a range) of validity of a resource.');
INSERT INTO properties VALUES('http://purl.org/dc/terms/type','http://purl.org/dc/terms/',NULL,'http://www.w3.org/2000/01/rdf-schema#Class',NULL,'Recommended best practice is to use a controlled vocabulary such as the DCMI Type Vocabulary [DCMITYPE]. To describe the file format, physical medium, or dimensions of the resource, use the Format element.','The nature or genre of the resource.');
INSERT INTO properties VALUES('http://purl.org/dc/terms/temporal','http://purl.org/dc/terms/',NULL,'http://purl.org/dc/terms/PeriodOfTime',NULL,NULL,'Temporal characteristics of the resource.');
INSERT INTO properties VALUES('http://purl.org/dc/terms/tableOfContents','http://purl.org/dc/terms/',NULL,NULL,NULL,NULL,'A list of subunits of the resource.');
INSERT INTO properties VALUES('http://purl.org/dc/terms/subject','http://purl.org/dc/terms/',NULL,NULL,NULL,'Typically, the subject will be represented using keywords, key phrases, or classification codes. Recommended best practice is to use a controlled vocabulary.','The topic of the resource.');
INSERT INTO properties VALUES('http://purl.org/dc/terms/spatial','http://purl.org/dc/terms/',NULL,'http://purl.org/dc/terms/Location',NULL,NULL,'Spatial characteristics of the resource.');
INSERT INTO properties VALUES('http://purl.org/dc/terms/source','http://purl.org/dc/terms/',NULL,NULL,NULL,'The described resource may be derived from the related resource in whole or in part. Recommended best practice is to identify the related resource by means of a string conforming to a formal identification system.','A related resource from which the described resource is derived.');
INSERT INTO properties VALUES('http://purl.org/dc/terms/rightsHolder','http://purl.org/dc/terms/',NULL,'http://purl.org/dc/terms/Agent',NULL,NULL,'A person or organization owning or managing rights over the resource.');
INSERT INTO properties VALUES('http://purl.org/dc/terms/requires','http://purl.org/dc/terms/',NULL,NULL,NULL,NULL,'A related resource that is required by the described resource to support its function, delivery, or coherence.');
INSERT INTO properties VALUES('http://purl.org/dc/terms/replaces','http://purl.org/dc/terms/',NULL,NULL,NULL,NULL,'A related resource that is supplanted, displaced, or superseded by the described resource.');
INSERT INTO properties VALUES('http://purl.org/dc/terms/references','http://purl.org/dc/terms/',NULL,NULL,NULL,NULL,'A related resource that is referenced, cited, or otherwise pointed to by the described resource.');
INSERT INTO properties VALUES('http://purl.org/dc/terms/provenance','http://purl.org/dc/terms/',NULL,'http://purl.org/dc/terms/ProvenanceStatement',NULL,'The statement may include a description of any changes successive custodians made to the resource.','A statement of any changes in ownership and custody of the resource since its creation that are significant for its authenticity, integrity, and interpretation.');
INSERT INTO properties VALUES('http://purl.org/dc/terms/medium','http://purl.org/dc/terms/','http://purl.org/dc/terms/PhysicalResource','http://purl.org/dc/terms/PhysicalMedium',NULL,NULL,'The material or physical carrier of the resource.');
INSERT INTO properties VALUES('http://purl.org/dc/terms/mediator','http://purl.org/dc/terms/',NULL,'http://purl.org/dc/terms/AgentClass',NULL,'In an educational context, a mediator might be a parent, teacher, teaching assistant, or care-giver.','An entity that mediates access to the resource and for whom the resource is intended or useful.');
INSERT INTO properties VALUES('http://purl.org/dc/terms/license','http://purl.org/dc/terms/',NULL,'http://purl.org/dc/terms/LicenseDocument',NULL,NULL,'A legal document giving official permission to do something with the resource.');
INSERT INTO properties VALUES('http://purl.org/dc/terms/language','http://purl.org/dc/terms/',NULL,'http://purl.org/dc/terms/LinguisticSystem',NULL,'Recommended best practice is to use a controlled vocabulary such as RFC 4646 [RFC4646].','A language of the resource.');
INSERT INTO properties VALUES('http://purl.org/dc/terms/isVersionOf','http://purl.org/dc/terms/',NULL,NULL,NULL,'Changes in version imply substantive changes in content rather than differences in format.','A related resource of which the described resource is a version, edition, or adaptation.');
INSERT INTO properties VALUES('http://purl.org/dc/terms/isRequiredBy','http://purl.org/dc/terms/',NULL,NULL,NULL,NULL,'A related resource that requires the described resource to support its function, delivery, or coherence.');
INSERT INTO properties VALUES('http://purl.org/dc/terms/isReplacedBy','http://purl.org/dc/terms/',NULL,NULL,NULL,NULL,'A related resource that supplants, displaces, or supersedes the described resource.');
INSERT INTO properties VALUES('http://purl.org/dc/terms/isReferencedBy','http://purl.org/dc/terms/',NULL,NULL,NULL,NULL,'A related resource that references, cites, or otherwise points to the described resource.');
INSERT INTO properties VALUES('http://purl.org/dc/terms/isPartOf','http://purl.org/dc/terms/',NULL,NULL,NULL,NULL,'A related resource in which the described resource is physically or logically included.');
INSERT INTO properties VALUES('http://purl.org/dc/terms/isFormatOf','http://purl.org/dc/terms/',NULL,NULL,NULL,NULL,'A related resource that is substantially the same as the described resource, but in another format.');
INSERT INTO properties VALUES('http://purl.org/dc/terms/instructionalMethod','http://purl.org/dc/terms/',NULL,'http://purl.org/dc/terms/MethodOfInstruction',NULL,'Instructional Method will typically include ways of presenting instructional materials or conducting instructional activities, patterns of learner-to-learner and learner-to-instructor interactions, and mechanisms by which group and individual levels of learning are measured.  Instructional methods include all aspects of the instruction and learning processes from planning and implementation through evaluation and feedback.','A process, used to engender knowledge, attitudes and skills, that the described resource is designed to support.');
INSERT INTO properties VALUES('http://purl.org/dc/terms/hasPart','http://purl.org/dc/terms/',NULL,NULL,NULL,NULL,'A related resource that is included either physically or logically in the described resource.');
INSERT INTO properties VALUES('http://purl.org/dc/terms/hasFormat','http://purl.org/dc/terms/',NULL,NULL,NULL,NULL,'A related resource that is substantially the same as the pre-existing described resource, but in another format.');
INSERT INTO properties VALUES('http://purl.org/dc/terms/format','http://purl.org/dc/terms/',NULL,'http://purl.org/dc/terms/MediaTypeOrExtent',NULL,'Examples of dimensions include size and duration. Recommended best practice is to use a controlled vocabulary such as the list of Internet Media Types [MIME].','The file format, physical medium, or dimensions of the resource.');
INSERT INTO properties VALUES('http://purl.org/dc/terms/extent','http://purl.org/dc/terms/',NULL,'http://purl.org/dc/terms/SizeOrDuration',NULL,NULL,'The size or duration of the resource.');
INSERT INTO properties VALUES('http://purl.org/dc/terms/educationLevel','http://purl.org/dc/terms/',NULL,'http://purl.org/dc/terms/AgentClass',NULL,NULL,'A class of entity, defined in terms of progression through an educational or training context, for which the described resource is intended.');
INSERT INTO properties VALUES('http://purl.org/dc/terms/dateSubmitted','http://purl.org/dc/terms/',NULL,'http://www.w3.org/2000/01/rdf-schema#Literal',NULL,'Examples of resources to which a Date Submitted may be relevant are a thesis (submitted to a university department) or an article (submitted to a journal).','Date of submission of the resource.');
INSERT INTO properties VALUES('http://purl.org/dc/terms/dateCopyrighted','http://purl.org/dc/terms/',NULL,'http://www.w3.org/2000/01/rdf-schema#Literal',NULL,NULL,'Date of copyright.');
INSERT INTO properties VALUES('http://purl.org/dc/terms/dateAccepted','http://purl.org/dc/terms/',NULL,'http://www.w3.org/2000/01/rdf-schema#Literal',NULL,'Examples of resources to which a Date Accepted may be relevant are a thesis (accepted by a university department) or an article (accepted by a journal).','Date of acceptance of the resource.');
INSERT INTO properties VALUES('http://purl.org/dc/terms/creator','http://purl.org/dc/terms/',NULL,'http://purl.org/dc/terms/Agent',NULL,'Examples of a Creator include a person, an organization, or a service.','An entity primarily responsible for making the resource.');
INSERT INTO properties VALUES('http://purl.org/dc/terms/created','http://purl.org/dc/terms/',NULL,'http://www.w3.org/2000/01/rdf-schema#Literal',NULL,NULL,'Date of creation of the resource.');
INSERT INTO properties VALUES('http://purl.org/dc/terms/coverage','http://purl.org/dc/terms/',NULL,'http://purl.org/dc/terms/LocationPeriodOrJurisdiction',NULL,'Spatial topic and spatial applicability may be a named place or a location specified by its geographic coordinates. Temporal topic may be a named period, date, or date range. A jurisdiction may be a named administrative entity or a geographic place to which the resource applies. Recommended best practice is to use a controlled vocabulary such as the Thesaurus of Geographic Names [TGN]. Where appropriate, named places or time periods can be used in preference to numeric identifiers such as sets of coordinates or date ranges.','The spatial or temporal topic of the resource, the spatial applicability of the resource, or the jurisdiction under which the resource is relevant.');
INSERT INTO properties VALUES('http://purl.org/dc/terms/contributor','http://purl.org/dc/terms/',NULL,'http://purl.org/dc/terms/Agent',NULL,'Examples of a Contributor include a person, an organization, or a service.','An entity responsible for making contributions to the resource.');
INSERT INTO properties VALUES('http://purl.org/dc/terms/relation','http://purl.org/dc/terms/',NULL,NULL,NULL,'Recommended best practice is to identify the related resource by means of a string conforming to a formal identification system. ','A related resource.');
INSERT INTO properties VALUES('http://purl.org/dc/terms/conformsTo','http://purl.org/dc/terms/',NULL,'http://purl.org/dc/terms/Standard',NULL,NULL,'An established standard to which the described resource conforms.');
INSERT INTO properties VALUES('http://purl.org/dc/terms/identifier','http://purl.org/dc/terms/',NULL,'http://www.w3.org/2000/01/rdf-schema#Literal',NULL,'Recommended best practice is to identify the resource by means of a string conforming to a formal identification system. ','An unambiguous reference to the resource within a given context.');
INSERT INTO properties VALUES('http://purl.org/dc/terms/bibliographicCitation','http://purl.org/dc/terms/','http://purl.org/dc/terms/BibliographicResource','http://www.w3.org/2000/01/rdf-schema#Literal',NULL,'Recommended practice is to include sufficient bibliographic detail to identify the resource as unambiguously as possible.','A bibliographic reference for the resource.');
INSERT INTO properties VALUES('http://purl.org/dc/terms/date','http://purl.org/dc/terms/',NULL,'http://www.w3.org/2000/01/rdf-schema#Literal',NULL,'Date may be used to express temporal information at any level of granularity.  Recommended best practice is to use an encoding scheme, such as the W3CDTF profile of ISO 8601 [W3CDTF].','A point or period of time associated with an event in the lifecycle of the resource.');
INSERT INTO properties VALUES('http://purl.org/dc/terms/available','http://purl.org/dc/terms/',NULL,'http://www.w3.org/2000/01/rdf-schema#Literal',NULL,NULL,'Date (often a range) that the resource became or will become available.');
INSERT INTO properties VALUES('http://purl.org/dc/terms/audience','http://purl.org/dc/terms/',NULL,'http://purl.org/dc/terms/AgentClass',NULL,NULL,'A class of entity for whom the resource is intended or useful.');
INSERT INTO properties VALUES('http://purl.org/dc/terms/alternative','http://purl.org/dc/terms/',NULL,'http://www.w3.org/2000/01/rdf-schema#Literal',NULL,'The distinction between titles and alternative titles is application-specific.','An alternative name for the resource.');
INSERT INTO properties VALUES('http://purl.org/dc/terms/accrualPolicy','http://purl.org/dc/terms/','http://purl.org/dc/dcmitype/Collection','http://purl.org/dc/terms/Policy',NULL,NULL,'The policy governing the addition of items to a collection.');
INSERT INTO properties VALUES('http://purl.org/dc/terms/accrualPeriodicity','http://purl.org/dc/terms/','http://purl.org/dc/dcmitype/Collection','http://purl.org/dc/terms/Frequency',NULL,NULL,'The frequency with which items are added to a collection.');
INSERT INTO properties VALUES('http://purl.org/dc/terms/accrualMethod','http://purl.org/dc/terms/','http://purl.org/dc/dcmitype/Collection','http://purl.org/dc/terms/MethodOfAccrual',NULL,NULL,'The method by which items are added to a collection.');
INSERT INTO properties VALUES('http://purl.org/dc/terms/rights','http://purl.org/dc/terms/',NULL,'http://purl.org/dc/terms/RightsStatement',NULL,'Typically, rights information includes a statement about various property rights associated with the resource, including intellectual property rights.','Information about rights held in and over the resource.');
INSERT INTO properties VALUES('http://purl.org/dc/terms/accessRights','http://purl.org/dc/terms/',NULL,'http://purl.org/dc/terms/RightsStatement',NULL,'Access Rights may include information regarding access or restrictions based on privacy, security, or other policies.','Information about who can access the resource or an indication of its security status.');
INSERT INTO properties VALUES('http://purl.org/dc/terms/abstract','http://purl.org/dc/terms/',NULL,NULL,NULL,NULL,'A summary of the resource.');
INSERT INTO properties VALUES('http://purl.org/dc/terms/issued','http://purl.org/dc/terms/',NULL,'http://www.w3.org/2000/01/rdf-schema#Literal',NULL,NULL,'Date of formal issuance (e.g., publication) of the resource.');
INSERT INTO properties VALUES('http://purl.org/dc/terms/hasVersion','http://purl.org/dc/terms/',NULL,NULL,NULL,NULL,'A related resource that is a version, edition, or adaptation of the described resource.');
INSERT INTO properties VALUES('http://purl.org/dc/terms/description','http://purl.org/dc/terms/',NULL,NULL,NULL,'Description may include but is not limited to: an abstract, a table of contents, a graphical representation, or a free-text account of the resource.','An account of the resource.');
INSERT INTO properties VALUES('http://purl.org/dc/terms/title','http://purl.org/dc/terms/',NULL,'http://www.w3.org/2000/01/rdf-schema#Literal',NULL,NULL,'A name given to the resource.');
INSERT INTO properties VALUES('http://purl.org/dc/terms/publisher','http://purl.org/dc/terms/',NULL,'http://purl.org/dc/terms/Agent',NULL,'Examples of a Publisher include a person, an organization, or a service.','An entity responsible for making the resource available.');
INSERT INTO properties VALUES('http://purl.org/dc/terms/modified','http://purl.org/dc/terms/',NULL,'http://www.w3.org/2000/01/rdf-schema#Literal',NULL,NULL,'Date on which the resource was changed.');
INSERT INTO properties VALUES('http://www.w3.org/1999/02/22-rdf-syntax-ns#rest','http://www.w3.org/1999/02/22-rdf-syntax-ns#','http://www.w3.org/1999/02/22-rdf-syntax-ns#List','http://www.w3.org/1999/02/22-rdf-syntax-ns#List',NULL,NULL,'The rest of the subject RDF list after the first item.');
INSERT INTO properties VALUES('http://www.w3.org/1999/02/22-rdf-syntax-ns#first','http://www.w3.org/1999/02/22-rdf-syntax-ns#','http://www.w3.org/1999/02/22-rdf-syntax-ns#List','http://www.w3.org/2000/01/rdf-schema#Resource',NULL,NULL,'The first item in the subject RDF list.');
INSERT INTO properties VALUES('http://www.w3.org/1999/02/22-rdf-syntax-ns#value','http://www.w3.org/1999/02/22-rdf-syntax-ns#','http://www.w3.org/2000/01/rdf-schema#Resource','http://www.w3.org/2000/01/rdf-schema#Resource',NULL,NULL,'Idiomatic property used for structured values.');
INSERT INTO properties VALUES('http://www.w3.org/1999/02/22-rdf-syntax-ns#object','http://www.w3.org/1999/02/22-rdf-syntax-ns#','http://www.w3.org/1999/02/22-rdf-syntax-ns#Statement','http://www.w3.org/2000/01/rdf-schema#Resource',NULL,NULL,'The object of the subject RDF statement.');
INSERT INTO properties VALUES('http://www.w3.org/1999/02/22-rdf-syntax-ns#predicate','http://www.w3.org/1999/02/22-rdf-syntax-ns#','http://www.w3.org/1999/02/22-rdf-syntax-ns#Statement','http://www.w3.org/2000/01/rdf-schema#Resource',NULL,NULL,'The predicate of the subject RDF statement.');
INSERT INTO properties VALUES('http://www.w3.org/1999/02/22-rdf-syntax-ns#subject','http://www.w3.org/1999/02/22-rdf-syntax-ns#','http://www.w3.org/1999/02/22-rdf-syntax-ns#Statement','http://www.w3.org/2000/01/rdf-schema#Resource',NULL,NULL,'The subject of the subject RDF statement.');
INSERT INTO properties VALUES('http://www.w3.org/1999/02/22-rdf-syntax-ns#type','http://www.w3.org/1999/02/22-rdf-syntax-ns#','http://www.w3.org/2000/01/rdf-schema#Resource','http://www.w3.org/2000/01/rdf-schema#Class',NULL,NULL,'The subject is an instance of a class.');
INSERT INTO properties VALUES('http://www.w3.org/2000/01/rdf-schema#member','http://www.w3.org/2000/01/rdf-schema#','http://www.w3.org/2000/01/rdf-schema#Resource','http://www.w3.org/2000/01/rdf-schema#Resource',NULL,NULL,'A member of the subject resource.');
INSERT INTO properties VALUES('http://www.w3.org/2000/01/rdf-schema#seeAlso','http://www.w3.org/2000/01/rdf-schema#','http://www.w3.org/2000/01/rdf-schema#Resource','http://www.w3.org/2000/01/rdf-schema#Resource',NULL,NULL,'Further information about the subject resource.');
INSERT INTO properties VALUES('http://www.w3.org/2000/01/rdf-schema#subPropertyOf','http://www.w3.org/2000/01/rdf-schema#','http://www.w3.org/1999/02/22-rdf-syntax-ns#Property','http://www.w3.org/1999/02/22-rdf-syntax-ns#Property',NULL,NULL,'The subject is a subproperty of a property.');
INSERT INTO properties VALUES('http://www.w3.org/2000/01/rdf-schema#domain','http://www.w3.org/2000/01/rdf-schema#','http://www.w3.org/1999/02/22-rdf-syntax-ns#Property','http://www.w3.org/2000/01/rdf-schema#Class',NULL,NULL,'A domain of the subject property.');
INSERT INTO properties VALUES('http://www.w3.org/2000/01/rdf-schema#range','http://www.w3.org/2000/01/rdf-schema#','http://www.w3.org/1999/02/22-rdf-syntax-ns#Property','http://www.w3.org/2000/01/rdf-schema#Class',NULL,NULL,'A range of the subject property.');
INSERT INTO properties VALUES('http://www.w3.org/2000/01/rdf-schema#subClassOf','http://www.w3.org/2000/01/rdf-schema#','http://www.w3.org/2000/01/rdf-schema#Class','http://www.w3.org/2000/01/rdf-schema#Class',NULL,NULL,'The subject is a subclass of a class.');
INSERT INTO properties VALUES('http://www.w3.org/2000/01/rdf-schema#comment','http://www.w3.org/2000/01/rdf-schema#','http://www.w3.org/2000/01/rdf-schema#Resource','http://www.w3.org/2000/01/rdf-schema#Literal',NULL,NULL,'A description of the subject resource.');
INSERT INTO properties VALUES('http://www.w3.org/2000/01/rdf-schema#label','http://www.w3.org/2000/01/rdf-schema#','http://www.w3.org/2000/01/rdf-schema#Resource','http://www.w3.org/2000/01/rdf-schema#Literal',NULL,NULL,'A human-readable name for the subject.');
INSERT INTO properties VALUES('http://www.w3.org/2000/01/rdf-schema#isDefinedBy','http://www.w3.org/2000/01/rdf-schema#','http://www.w3.org/2000/01/rdf-schema#Resource','http://www.w3.org/2000/01/rdf-schema#Resource',NULL,NULL,'The defininition of the subject resource.');
INSERT INTO properties VALUES('http://www.openarchives.org/ore/terms/similarTo','http://www.openarchives.org/ore/terms/','http://www.openarchives.org/ore/terms/Aggregation',NULL,NULL,NULL,'The subject of this relationship MUST be an Aggregation.  This Aggregation should be considered an expression within the ORE context of the object of the relationship, as it is broadly equivalent to the resource. For example, the Aggregation may consist of the resources which, together, make up a journal article which has a DOI assigned to it. The Aggregation is not the article to which the DOI was assigned, but is a representation of it in some manner.');
INSERT INTO properties VALUES('http://www.openarchives.org/ore/terms/proxyIn','http://www.openarchives.org/ore/terms/','http://www.openarchives.org/ore/terms/Proxy','http://www.openarchives.org/ore/terms/Aggregation',NULL,NULL,'Proxy objects must link to the Aggregation in which the resource being proxied is aggregated. The ore:proxyIn relationship is used for this purpose. The subject of the relationship is a Proxy object, and the object of the relationship is the Aggregation.');
INSERT INTO properties VALUES('http://www.openarchives.org/ore/terms/proxyFor','http://www.openarchives.org/ore/terms/','http://www.openarchives.org/ore/terms/Proxy','http://www.openarchives.org/ore/terms/AggregatedResource',NULL,NULL,'Proxy objects are used to represent a Resource as it is aggregated in a particular Aggregation. The ore:proxyFor relationship is used to link the proxy to the Aggregated Resource it is a proxy for. The subject of the relationship is a Proxy object, and the object of the relationship is the Aggregated Resource.');
INSERT INTO properties VALUES('http://www.openarchives.org/ore/terms/lineage','http://www.openarchives.org/ore/terms/','http://www.openarchives.org/ore/terms/Proxy','http://www.openarchives.org/ore/terms/Proxy',NULL,NULL,'ore:lineage is a relationship between two Proxy objects, both of which MUST have the same Resource for which they are proxies. The meaning is that the Resource for which the subject of the relationship is a Proxy was discovered in the Aggregation in which the object Proxy''s resource is aggregated.');
INSERT INTO properties VALUES('http://www.openarchives.org/ore/terms/isDescribedBy','http://www.openarchives.org/ore/terms/','http://www.openarchives.org/ore/terms/Aggregation','http://www.openarchives.org/ore/terms/ResourceMap',NULL,NULL,'The inverse relationship of ore:describes, in this case the object of the relationship is the Resource Map and the subject is the Aggregation which it describes.');
INSERT INTO properties VALUES('http://www.openarchives.org/ore/terms/describes','http://www.openarchives.org/ore/terms/','http://www.openarchives.org/ore/terms/ResourceMap','http://www.openarchives.org/ore/terms/Aggregation',NULL,NULL,'This relationship asserts that the subject (a Resource Map) describes the object (an Aggregation).');
INSERT INTO properties VALUES('http://www.openarchives.org/ore/terms/isAggregatedBy','http://www.openarchives.org/ore/terms/','http://www.openarchives.org/ore/terms/AggregatedResource','http://www.openarchives.org/ore/terms/Aggregation',NULL,NULL,'The inverse relationship of ore:aggregates, ore:isAggregatedBy asserts that an Aggregated Resource is aggregated by an Aggregation.');
INSERT INTO properties VALUES('http://www.openarchives.org/ore/terms/aggregates','http://www.openarchives.org/ore/terms/','http://www.openarchives.org/ore/terms/Aggregation','http://www.openarchives.org/ore/terms/AggregatedResource',NULL,NULL,'Aggregations, by definition, aggregate resources. The ore:aggregates relationship expresses that the object resource is a member of the set of Aggregated Resources of the subject (the Aggregation). This relationship between the Aggregation and its Aggregated Resources is thus more specific than a simple part/whole relationship, as expressed by dcterms:hasPart for example.');
INSERT INTO properties VALUES('http://www.w3.org/2004/02/skos/core#narrowMatch','http://www.w3.org/2004/02/skos/core#',NULL,NULL,NULL,NULL,NULL);
INSERT INTO properties VALUES('http://www.w3.org/2004/02/skos/core#broadMatch','http://www.w3.org/2004/02/skos/core#',NULL,NULL,NULL,NULL,NULL);
INSERT INTO properties VALUES('http://www.w3.org/2004/02/skos/core#mappingRelation','http://www.w3.org/2004/02/skos/core#',NULL,NULL,NULL,NULL,'These concept mapping relations mirror semantic relations, and the data model defined below is similar (with the exception of skos:exactMatch) to the data model defined for semantic relations. A distinct vocabulary is provided for concept mapping relations, to provide a convenient way to differentiate links within a concept scheme from links between concept schemes. However, this pattern of usage is not a formal requirement of the SKOS data model, and relies on informal definitions of best practice.');
INSERT INTO properties VALUES('http://www.w3.org/2004/02/skos/core#member','http://www.w3.org/2004/02/skos/core#','http://www.w3.org/2004/02/skos/core#Collection','_:b7_node17168m3bex4',NULL,NULL,NULL);
INSERT INTO properties VALUES('http://www.w3.org/2004/02/skos/core#narrower','http://www.w3.org/2004/02/skos/core#',NULL,NULL,NULL,NULL,'Narrower concepts are typically rendered as children in a concept hierarchy (tree).');
INSERT INTO properties VALUES('http://www.w3.org/2004/02/skos/core#broader','http://www.w3.org/2004/02/skos/core#',NULL,NULL,NULL,NULL,'Broader concepts are typically rendered as parents in a concept hierarchy (tree).');
INSERT INTO properties VALUES('http://www.w3.org/2004/02/skos/core#semanticRelation','http://www.w3.org/2004/02/skos/core#','http://www.w3.org/2004/02/skos/core#Concept','http://www.w3.org/2004/02/skos/core#Concept',NULL,NULL,NULL);
INSERT INTO properties VALUES('http://www.w3.org/2004/02/skos/core#historyNote','http://www.w3.org/2004/02/skos/core#',NULL,NULL,NULL,NULL,NULL);
INSERT INTO properties VALUES('http://www.w3.org/2004/02/skos/core#editorialNote','http://www.w3.org/2004/02/skos/core#',NULL,NULL,NULL,NULL,NULL);
INSERT INTO properties VALUES('http://www.w3.org/2004/02/skos/core#changeNote','http://www.w3.org/2004/02/skos/core#',NULL,NULL,NULL,NULL,NULL);
INSERT INTO properties VALUES('http://www.w3.org/2004/02/skos/core#note','http://www.w3.org/2004/02/skos/core#',NULL,NULL,NULL,NULL,NULL);
INSERT INTO properties VALUES('http://www.w3.org/2004/02/skos/core#notation','http://www.w3.org/2004/02/skos/core#',NULL,NULL,NULL,NULL,NULL);
INSERT INTO properties VALUES('http://www.w3.org/2004/02/skos/core#hiddenLabel','http://www.w3.org/2004/02/skos/core#',NULL,NULL,NULL,NULL,'The range of skos:hiddenLabel is the class of RDF plain literals.');
INSERT INTO properties VALUES('http://www.w3.org/2004/02/skos/core#altLabel','http://www.w3.org/2004/02/skos/core#',NULL,NULL,NULL,NULL,'skos:prefLabel, skos:altLabel and skos:hiddenLabel are pairwise disjoint properties.');
INSERT INTO properties VALUES('http://www.w3.org/2004/02/skos/core#prefLabel','http://www.w3.org/2004/02/skos/core#',NULL,NULL,NULL,NULL,replace('skos:prefLabel, skos:altLabel and skos:hiddenLabel are pairwise\n      disjoint properties.','\n',char(10)));
INSERT INTO properties VALUES('http://www.w3.org/2004/02/skos/core#topConceptOf','http://www.w3.org/2004/02/skos/core#','http://www.w3.org/2004/02/skos/core#Concept','http://www.w3.org/2004/02/skos/core#ConceptScheme',NULL,NULL,NULL);
INSERT INTO properties VALUES('http://www.w3.org/2004/02/skos/core#hasTopConcept','http://www.w3.org/2004/02/skos/core#','http://www.w3.org/2004/02/skos/core#ConceptScheme','http://www.w3.org/2004/02/skos/core#Concept',NULL,NULL,NULL);
INSERT INTO properties VALUES('http://www.w3.org/2004/02/skos/core#inScheme','http://www.w3.org/2004/02/skos/core#',NULL,'http://www.w3.org/2004/02/skos/core#ConceptScheme',NULL,NULL,NULL);
INSERT INTO properties VALUES('http://www.w3.org/2004/02/skos/core#example','http://www.w3.org/2004/02/skos/core#',NULL,NULL,NULL,NULL,NULL);
INSERT INTO properties VALUES('http://www.w3.org/2004/02/skos/core#scopeNote','http://www.w3.org/2004/02/skos/core#',NULL,NULL,NULL,NULL,NULL);
INSERT INTO properties VALUES('http://www.w3.org/2004/02/skos/core#definition','http://www.w3.org/2004/02/skos/core#',NULL,NULL,NULL,NULL,NULL);
INSERT INTO properties VALUES('http://www.w3.org/2004/02/skos/core#closeMatch','http://www.w3.org/2004/02/skos/core#',NULL,NULL,NULL,NULL,NULL);
INSERT INTO properties VALUES('http://www.w3.org/2004/02/skos/core#relatedMatch','http://www.w3.org/2004/02/skos/core#',NULL,NULL,NULL,NULL,NULL);
INSERT INTO properties VALUES('http://www.w3.org/2004/02/skos/core#related','http://www.w3.org/2004/02/skos/core#',NULL,NULL,NULL,NULL,'skos:related is disjoint with skos:broaderTransitive');
INSERT INTO properties VALUES('http://www.w3.org/2004/02/skos/core#exactMatch','http://www.w3.org/2004/02/skos/core#',NULL,NULL,NULL,NULL,'skos:exactMatch is disjoint with each of the properties skos:broadMatch and skos:relatedMatch.');
INSERT INTO properties VALUES('http://www.w3.org/2004/02/skos/core#narrowerTransitive','http://www.w3.org/2004/02/skos/core#',NULL,NULL,NULL,NULL,NULL);
INSERT INTO properties VALUES('http://www.w3.org/2004/02/skos/core#broaderTransitive','http://www.w3.org/2004/02/skos/core#',NULL,NULL,NULL,NULL,NULL);
INSERT INTO properties VALUES('http://www.w3.org/2004/02/skos/core#memberList','http://www.w3.org/2004/02/skos/core#','http://www.w3.org/2004/02/skos/core#OrderedCollection','http://www.w3.org/1999/02/22-rdf-syntax-ns#List',NULL,NULL,replace('For any resource, every item in the list given as the value of the\n      skos:memberList property is also a value of the skos:member property.','\n',char(10)));
INSERT INTO properties VALUES('http://www.europeana.eu/schemas/edm/year','http://www.europeana.eu/schemas/edm/',NULL,NULL,NULL,NULL,NULL);
INSERT INTO properties VALUES('http://www.europeana.eu/schemas/edm/userTag','http://www.europeana.eu/schemas/edm/',NULL,NULL,NULL,NULL,NULL);
INSERT INTO properties VALUES('http://www.europeana.eu/schemas/edm/unstored','http://www.europeana.eu/schemas/edm/',NULL,NULL,NULL,NULL,NULL);
INSERT INTO properties VALUES('http://www.europeana.eu/schemas/edm/provider','http://www.europeana.eu/schemas/edm/',NULL,'http://www.europeana.eu/schemas/edm/Agent',NULL,NULL,NULL);
INSERT INTO properties VALUES('http://www.europeana.eu/schemas/edm/language','http://www.europeana.eu/schemas/edm/',NULL,NULL,NULL,NULL,replace('The recommended best practice is to use a controlled vocabulary such as\nRFC 4646 (http://www.rfc-archive.org/getrfc.php?rfc=4646) which, in\nconjunction with ISO 639, defines two- and three-letter primary language tags. Either a coded value or text string can be represented here.','\n',char(10)));
INSERT INTO properties VALUES('http://www.europeana.eu/schemas/edm/dataProvider','http://www.europeana.eu/schemas/edm/','http://www.openarchives.org/ore/terms/Aggregation','http://www.europeana.eu/schemas/edm/Agent',NULL,NULL,NULL);
INSERT INTO properties VALUES('http://www.europeana.eu/schemas/edm/country','http://www.europeana.eu/schemas/edm/',NULL,NULL,NULL,NULL,NULL);
INSERT INTO properties VALUES('http://www.europeana.eu/schemas/edm/isDerivativeOf','http://www.europeana.eu/schemas/edm/',NULL,NULL,NULL,NULL,NULL);
INSERT INTO properties VALUES('http://www.europeana.eu/schemas/edm/isSimilarTo','http://www.europeana.eu/schemas/edm/',NULL,NULL,NULL,NULL,NULL);
INSERT INTO properties VALUES('http://www.europeana.eu/schemas/edm/isRelatedTo','http://www.europeana.eu/schemas/edm/','_:b8_node179rkif4dx107',NULL,NULL,NULL,NULL);
INSERT INTO properties VALUES('http://www.europeana.eu/schemas/edm/hasMet','http://www.europeana.eu/schemas/edm/','_:b8_node179rkif4dx86',NULL,NULL,NULL,NULL);
INSERT INTO properties VALUES('http://www.europeana.eu/schemas/edm/uri','http://www.europeana.eu/schemas/edm/',NULL,NULL,NULL,NULL,NULL);
INSERT INTO properties VALUES('http://www.europeana.eu/schemas/edm/rights','http://www.europeana.eu/schemas/edm/',NULL,NULL,NULL,NULL,NULL);
INSERT INTO properties VALUES('http://www.europeana.eu/schemas/edm/preview','http://www.europeana.eu/schemas/edm/',NULL,'http://www.europeana.eu/schemas/edm/WebResource',NULL,NULL,NULL);
INSERT INTO properties VALUES('http://www.europeana.eu/schemas/edm/object','http://www.europeana.eu/schemas/edm/',NULL,'http://www.europeana.eu/schemas/edm/WebResource',NULL,NULL,NULL);
INSERT INTO properties VALUES('http://www.europeana.eu/schemas/edm/isShownBy','http://www.europeana.eu/schemas/edm/',NULL,'http://www.europeana.eu/schemas/edm/WebResource',NULL,NULL,NULL);
INSERT INTO properties VALUES('http://www.europeana.eu/schemas/edm/isShownAt','http://www.europeana.eu/schemas/edm/',NULL,'http://www.europeana.eu/schemas/edm/WebResource',NULL,NULL,NULL);
INSERT INTO properties VALUES('http://www.europeana.eu/schemas/edm/wasPresentAt','http://www.europeana.eu/schemas/edm/','_:b8_node179rkif4dx114','http://www.europeana.eu/schemas/edm/Event',NULL,NULL,NULL);
INSERT INTO properties VALUES('http://www.europeana.eu/schemas/edm/realizes','http://www.europeana.eu/schemas/edm/','http://www.europeana.eu/schemas/edm/PhysicalThing','http://www.europeana.eu/schemas/edm/InformationResource',NULL,NULL,NULL);
INSERT INTO properties VALUES('http://www.europeana.eu/schemas/edm/occurredAt','http://www.europeana.eu/schemas/edm/','http://www.europeana.eu/schemas/edm/Event','http://www.europeana.eu/schemas/edm/TimeSpan',NULL,NULL,NULL);
INSERT INTO properties VALUES('http://www.europeana.eu/schemas/edm/landingPage','http://www.europeana.eu/schemas/edm/',NULL,'http://www.europeana.eu/schemas/edm/WebResource',NULL,NULL,NULL);
INSERT INTO properties VALUES('http://www.europeana.eu/schemas/edm/isSuccessorOf','http://www.europeana.eu/schemas/edm/',NULL,NULL,NULL,NULL,NULL);
INSERT INTO properties VALUES('http://www.europeana.eu/schemas/edm/isRepresentationOf','http://www.europeana.eu/schemas/edm/','http://www.europeana.eu/schemas/edm/InformationResource',NULL,NULL,NULL,NULL);
INSERT INTO properties VALUES('http://www.europeana.eu/schemas/edm/isNextInSequence','http://www.europeana.eu/schemas/edm/',NULL,NULL,NULL,NULL,NULL);
INSERT INTO properties VALUES('http://www.europeana.eu/schemas/edm/isAnnotationOf','http://www.europeana.eu/schemas/edm/','http://www.europeana.eu/schemas/edm/EuropeanaObject','_:b8_node179rkif4dx100',NULL,NULL,NULL);
INSERT INTO properties VALUES('http://www.europeana.eu/schemas/edm/incorporates','http://www.europeana.eu/schemas/edm/',NULL,NULL,NULL,NULL,NULL);
INSERT INTO properties VALUES('http://www.europeana.eu/schemas/edm/hasView','http://www.europeana.eu/schemas/edm/','http://www.openarchives.org/ore/terms/Aggregation','http://www.europeana.eu/schemas/edm/WebResource',NULL,NULL,NULL);
INSERT INTO properties VALUES('http://www.europeana.eu/schemas/edm/hasType','http://www.europeana.eu/schemas/edm/','_:b8_node179rkif4dx93','http://www.europeana.eu/schemas/edm/NonInformationResource',NULL,NULL,NULL);
INSERT INTO properties VALUES('http://www.europeana.eu/schemas/edm/currentLocation','http://www.europeana.eu/schemas/edm/','_:b8_node179rkif4dx76','http://www.europeana.eu/schemas/edm/Place',NULL,NULL,NULL);
INSERT INTO properties VALUES('http://www.europeana.eu/schemas/edm/happenedAt','http://www.europeana.eu/schemas/edm/','http://www.europeana.eu/schemas/edm/Event','http://www.europeana.eu/schemas/edm/Place',NULL,NULL,NULL);
INSERT INTO properties VALUES('http://www.europeana.eu/schemas/edm/aggregatedCHO','http://www.europeana.eu/schemas/edm/','http://www.openarchives.org/ore/terms/Aggregation','http://www.europeana.eu/schemas/edm/ProvidedCHO',NULL,NULL,NULL);
CREATE TABLE classes (
  class_id        TEXT NOT NULL PRIMARY KEY,
  vocabulary_id   TEXT NOT NULL REFERENCES vocabularies ON DELETE CASCADE,
  parent          TEXT,
  description     TEXT,
  comment         TEXT,

  CHECK (class_id != '')
);
INSERT INTO classes VALUES('https://tropy.org/v1/tropy#Field','https://tropy.org/v1/tropy#',NULL,NULL,'A Tropy template field.');
INSERT INTO classes VALUES('https://tropy.org/v1/tropy#Template','https://tropy.org/v1/tropy#',NULL,NULL,'A Tropy template.');
INSERT INTO classes VALUES('https://tropy.org/v1/tropy#Note','https://tropy.org/v1/tropy#',NULL,NULL,'A note.');
INSERT INTO classes VALUES('https://tropy.org/v1/tropy#Selection','https://tropy.org/v1/tropy#',NULL,NULL,'A selection within a photo.');
INSERT INTO classes VALUES('https://tropy.org/v1/tropy#Photo','https://tropy.org/v1/tropy#',NULL,NULL,'A photo.');
INSERT INTO classes VALUES('https://tropy.org/v1/tropy#Item','https://tropy.org/v1/tropy#',NULL,NULL,'A Tropy item contains metadata and photos.');
INSERT INTO classes VALUES('http://purl.org/dc/terms/Standard','http://purl.org/dc/terms/',NULL,NULL,'A basis for comparison; a reference point against which other things can be evaluated.');
INSERT INTO classes VALUES('http://purl.org/dc/terms/SizeOrDuration','http://purl.org/dc/terms/',NULL,'Examples include a number of pages, a specification of length, width, and breadth, or a period in hours, minutes, and seconds.','A dimension or extent, or a time taken to play or execute.');
INSERT INTO classes VALUES('http://purl.org/dc/terms/ProvenanceStatement','http://purl.org/dc/terms/',NULL,NULL,'A statement of any changes in ownership and custody of a resource since its creation that are significant for its authenticity, integrity, and interpretation.');
INSERT INTO classes VALUES('http://purl.org/dc/terms/Policy','http://purl.org/dc/terms/',NULL,NULL,'A plan or course of action by an authority, intended to influence and determine decisions, actions, and other matters.');
INSERT INTO classes VALUES('http://purl.org/dc/terms/PhysicalResource','http://purl.org/dc/terms/',NULL,NULL,'A material thing.');
INSERT INTO classes VALUES('http://purl.org/dc/terms/PhysicalMedium','http://purl.org/dc/terms/',NULL,'Examples include paper, canvas, or DVD.','A physical material or carrier.');
INSERT INTO classes VALUES('http://purl.org/dc/terms/PeriodOfTime','http://purl.org/dc/terms/',NULL,NULL,'An interval of time that is named or defined by its start and end dates.');
INSERT INTO classes VALUES('http://purl.org/dc/terms/MethodOfInstruction','http://purl.org/dc/terms/',NULL,NULL,'A process that is used to engender knowledge, attitudes, and skills.');
INSERT INTO classes VALUES('http://purl.org/dc/terms/MethodOfAccrual','http://purl.org/dc/terms/',NULL,NULL,'A method by which resources are added to a collection.');
INSERT INTO classes VALUES('http://purl.org/dc/terms/MediaTypeOrExtent','http://purl.org/dc/terms/',NULL,NULL,'A media type or extent.');
INSERT INTO classes VALUES('http://purl.org/dc/terms/Location','http://purl.org/dc/terms/',NULL,NULL,'A spatial region or named place.');
INSERT INTO classes VALUES('http://purl.org/dc/terms/LinguisticSystem','http://purl.org/dc/terms/',NULL,'Examples include written, spoken, sign, and computer languages.','A system of signs, symbols, sounds, gestures, or rules used in communication.');
INSERT INTO classes VALUES('http://purl.org/dc/terms/RightsStatement','http://purl.org/dc/terms/',NULL,NULL,'A statement about the intellectual property rights (IPR) held in or over a Resource, a legal document giving official permission to do something with a resource, or a statement about access rights.');
INSERT INTO classes VALUES('http://purl.org/dc/terms/LicenseDocument','http://purl.org/dc/terms/',NULL,NULL,'A legal document giving official permission to do something with a Resource.');
INSERT INTO classes VALUES('http://purl.org/dc/terms/LocationPeriodOrJurisdiction','http://purl.org/dc/terms/',NULL,NULL,'A location, period of time, or jurisdiction.');
INSERT INTO classes VALUES('http://purl.org/dc/terms/Jurisdiction','http://purl.org/dc/terms/',NULL,NULL,'The extent or range of judicial, law enforcement, or other authority.');
INSERT INTO classes VALUES('http://purl.org/dc/terms/Frequency','http://purl.org/dc/terms/',NULL,NULL,'A rate at which something recurs.');
INSERT INTO classes VALUES('http://purl.org/dc/terms/MediaType','http://purl.org/dc/terms/',NULL,NULL,'A file format or physical medium.');
INSERT INTO classes VALUES('http://purl.org/dc/terms/FileFormat','http://purl.org/dc/terms/',NULL,'Examples include the formats defined by the list of Internet Media Types.','A digital resource format.');
INSERT INTO classes VALUES('http://purl.org/dc/terms/BibliographicResource','http://purl.org/dc/terms/',NULL,NULL,'A book, article, or other documentary resource.');
INSERT INTO classes VALUES('http://purl.org/dc/terms/AgentClass','http://purl.org/dc/terms/',NULL,'Examples of Agent Class include groups seen as classes, such as students, women, charities, lecturers.','A group of agents.');
INSERT INTO classes VALUES('http://purl.org/dc/terms/Agent','http://purl.org/dc/terms/',NULL,'Examples of Agent include person, organization, and software agent.','A resource that acts or has the power to act.');
INSERT INTO classes VALUES('http://www.w3.org/1999/02/22-rdf-syntax-ns#List','http://www.w3.org/1999/02/22-rdf-syntax-ns#',NULL,NULL,'The class of RDF Lists.');
INSERT INTO classes VALUES('http://www.w3.org/1999/02/22-rdf-syntax-ns#Alt','http://www.w3.org/1999/02/22-rdf-syntax-ns#',NULL,NULL,'The class of containers of alternatives.');
INSERT INTO classes VALUES('http://www.w3.org/1999/02/22-rdf-syntax-ns#Seq','http://www.w3.org/1999/02/22-rdf-syntax-ns#',NULL,NULL,'The class of ordered containers.');
INSERT INTO classes VALUES('http://www.w3.org/1999/02/22-rdf-syntax-ns#Bag','http://www.w3.org/1999/02/22-rdf-syntax-ns#',NULL,NULL,'The class of unordered containers.');
INSERT INTO classes VALUES('http://www.w3.org/1999/02/22-rdf-syntax-ns#Statement','http://www.w3.org/1999/02/22-rdf-syntax-ns#',NULL,NULL,'The class of RDF statements.');
INSERT INTO classes VALUES('http://www.w3.org/1999/02/22-rdf-syntax-ns#Property','http://www.w3.org/1999/02/22-rdf-syntax-ns#',NULL,NULL,'The class of RDF properties.');
INSERT INTO classes VALUES('http://www.w3.org/2000/01/rdf-schema#Datatype','http://www.w3.org/2000/01/rdf-schema#',NULL,NULL,'The class of RDF datatypes.');
INSERT INTO classes VALUES('http://www.w3.org/2000/01/rdf-schema#ContainerMembershipProperty','http://www.w3.org/2000/01/rdf-schema#',NULL,NULL,replace('The class of container membership properties, rdf:_1, rdf:_2, ...,\n                    all of which are sub-properties of ''member''.','\n',char(10)));
INSERT INTO classes VALUES('http://www.w3.org/2000/01/rdf-schema#Container','http://www.w3.org/2000/01/rdf-schema#',NULL,NULL,'The class of RDF containers.');
INSERT INTO classes VALUES('http://www.w3.org/2000/01/rdf-schema#Literal','http://www.w3.org/2000/01/rdf-schema#',NULL,NULL,'The class of literal values, eg. textual strings and integers.');
INSERT INTO classes VALUES('http://www.w3.org/2000/01/rdf-schema#Class','http://www.w3.org/2000/01/rdf-schema#',NULL,NULL,'The class of classes.');
INSERT INTO classes VALUES('http://www.w3.org/2000/01/rdf-schema#Resource','http://www.w3.org/2000/01/rdf-schema#',NULL,NULL,'The class resource, everything.');
INSERT INTO classes VALUES('http://www.openarchives.org/ore/terms/ResourceMap','http://www.openarchives.org/ore/terms/',NULL,NULL,'A description of an Aggregation according to the OAI-ORE data model. Resource Maps are serialised to a machine readable format according to the implementation guidelines.');
INSERT INTO classes VALUES('http://www.openarchives.org/ore/terms/AggregatedResource','http://www.openarchives.org/ore/terms/',NULL,NULL,'A resource which is included in an Aggregation. Note that asserting that a resource is a member of the class of Aggregated Resources does not imply anything other than that it is aggregated by at least one Aggregation.');
INSERT INTO classes VALUES('http://www.w3.org/2004/02/skos/core#OrderedCollection','http://www.w3.org/2004/02/skos/core#',NULL,NULL,NULL);
INSERT INTO classes VALUES('http://www.w3.org/2004/02/skos/core#Collection','http://www.w3.org/2004/02/skos/core#',NULL,NULL,NULL);
INSERT INTO classes VALUES('http://www.w3.org/2004/02/skos/core#ConceptScheme','http://www.w3.org/2004/02/skos/core#',NULL,NULL,NULL);
INSERT INTO classes VALUES('http://www.europeana.eu/schemas/edm/TimeSpan','http://www.europeana.eu/schemas/edm/',NULL,NULL,NULL);
INSERT INTO classes VALUES('http://www.europeana.eu/schemas/edm/ProvidedCHO','http://www.europeana.eu/schemas/edm/',NULL,NULL,NULL);
INSERT INTO classes VALUES('http://www.europeana.eu/schemas/edm/Place','http://www.europeana.eu/schemas/edm/',NULL,NULL,NULL);
INSERT INTO classes VALUES('http://www.europeana.eu/schemas/edm/PhysicalThing','http://www.europeana.eu/schemas/edm/',NULL,NULL,NULL);
INSERT INTO classes VALUES('http://www.europeana.eu/schemas/edm/InformationResource','http://www.europeana.eu/schemas/edm/',NULL,NULL,NULL);
INSERT INTO classes VALUES('http://www.europeana.eu/schemas/edm/Event','http://www.europeana.eu/schemas/edm/',NULL,NULL,NULL);
INSERT INTO classes VALUES('http://www.europeana.eu/schemas/edm/WebResource','http://www.europeana.eu/schemas/edm/',NULL,NULL,NULL);
INSERT INTO classes VALUES('http://www.europeana.eu/schemas/edm/EuropeanaObject','http://www.europeana.eu/schemas/edm/',NULL,NULL,NULL);
INSERT INTO classes VALUES('http://www.europeana.eu/schemas/edm/EuropeanaAggregation','http://www.europeana.eu/schemas/edm/',NULL,NULL,NULL);
INSERT INTO classes VALUES('http://www.europeana.eu/schemas/edm/NonInformationResource','http://www.europeana.eu/schemas/edm/',NULL,NULL,NULL);
INSERT INTO classes VALUES('http://www.europeana.eu/schemas/edm/Agent','http://www.europeana.eu/schemas/edm/',NULL,NULL,NULL);
INSERT INTO classes VALUES('http://www.w3.org/2004/02/skos/core#Concept','http://www.w3.org/2004/02/skos/core#',NULL,NULL,NULL);
INSERT INTO classes VALUES('http://www.openarchives.org/ore/terms/Proxy','http://www.openarchives.org/ore/terms/',NULL,NULL,NULL);
INSERT INTO classes VALUES('http://www.openarchives.org/ore/terms/Aggregation','http://www.openarchives.org/ore/terms/',NULL,NULL,NULL);
CREATE TABLE datatypes (
  datatype_id     TEXT NOT NULL PRIMARY KEY,
  vocabulary_id   TEXT NOT NULL REFERENCES vocabularies ON DELETE CASCADE,
  description     TEXT,
  comment         TEXT,

  CHECK (datatype_id != '')
);
INSERT INTO datatypes VALUES('https://tropy.org/v1/tropy#name','https://tropy.org/v1/tropy#',NULL,'A unique name.');
INSERT INTO datatypes VALUES('https://tropy.org/v1/tropy#date','https://tropy.org/v1/tropy#',NULL,'An EDTF date or date range.');
INSERT INTO datatypes VALUES('http://www.w3.org/2001/XMLSchema#positiveInteger','http://www.w3.org/2001/XMLSchema#',NULL,NULL);
INSERT INTO datatypes VALUES('http://www.w3.org/2001/XMLSchema#unsignedByte','http://www.w3.org/2001/XMLSchema#',NULL,NULL);
INSERT INTO datatypes VALUES('http://www.w3.org/2001/XMLSchema#unsignedShort','http://www.w3.org/2001/XMLSchema#',NULL,NULL);
INSERT INTO datatypes VALUES('http://www.w3.org/2001/XMLSchema#unsignedInt','http://www.w3.org/2001/XMLSchema#',NULL,NULL);
INSERT INTO datatypes VALUES('http://www.w3.org/2001/XMLSchema#unsignedLong','http://www.w3.org/2001/XMLSchema#',NULL,NULL);
INSERT INTO datatypes VALUES('http://www.w3.org/2001/XMLSchema#nonNegativeInteger','http://www.w3.org/2001/XMLSchema#',NULL,NULL);
INSERT INTO datatypes VALUES('http://www.w3.org/2001/XMLSchema#byte','http://www.w3.org/2001/XMLSchema#',NULL,NULL);
INSERT INTO datatypes VALUES('http://www.w3.org/2001/XMLSchema#short','http://www.w3.org/2001/XMLSchema#',NULL,NULL);
INSERT INTO datatypes VALUES('http://www.w3.org/2001/XMLSchema#int','http://www.w3.org/2001/XMLSchema#',NULL,NULL);
INSERT INTO datatypes VALUES('http://www.w3.org/2001/XMLSchema#long','http://www.w3.org/2001/XMLSchema#',NULL,NULL);
INSERT INTO datatypes VALUES('http://www.w3.org/2001/XMLSchema#negativeInteger','http://www.w3.org/2001/XMLSchema#',NULL,NULL);
INSERT INTO datatypes VALUES('http://www.w3.org/2001/XMLSchema#nonPositiveInteger','http://www.w3.org/2001/XMLSchema#',NULL,NULL);
INSERT INTO datatypes VALUES('http://www.w3.org/2001/XMLSchema#integer','http://www.w3.org/2001/XMLSchema#',NULL,NULL);
INSERT INTO datatypes VALUES('http://www.w3.org/2001/XMLSchema#NCName','http://www.w3.org/2001/XMLSchema#',NULL,NULL);
INSERT INTO datatypes VALUES('http://www.w3.org/2001/XMLSchema#Name','http://www.w3.org/2001/XMLSchema#',NULL,NULL);
INSERT INTO datatypes VALUES('http://www.w3.org/2001/XMLSchema#NMTOKEN','http://www.w3.org/2001/XMLSchema#',NULL,NULL);
INSERT INTO datatypes VALUES('http://www.w3.org/2001/XMLSchema#language','http://www.w3.org/2001/XMLSchema#',NULL,NULL);
INSERT INTO datatypes VALUES('http://www.w3.org/2001/XMLSchema#token','http://www.w3.org/2001/XMLSchema#',NULL,NULL);
INSERT INTO datatypes VALUES('http://www.w3.org/2001/XMLSchema#normalizedString','http://www.w3.org/2001/XMLSchema#',NULL,NULL);
INSERT INTO datatypes VALUES('http://www.w3.org/2001/XMLSchema#anyURI','http://www.w3.org/2001/XMLSchema#',NULL,NULL);
INSERT INTO datatypes VALUES('http://www.w3.org/2001/XMLSchema#base64Binary','http://www.w3.org/2001/XMLSchema#',NULL,NULL);
INSERT INTO datatypes VALUES('http://www.w3.org/2001/XMLSchema#hexBinary','http://www.w3.org/2001/XMLSchema#',NULL,NULL);
INSERT INTO datatypes VALUES('http://www.w3.org/2001/XMLSchema#gMonth','http://www.w3.org/2001/XMLSchema#',NULL,NULL);
INSERT INTO datatypes VALUES('http://www.w3.org/2001/XMLSchema#gDay','http://www.w3.org/2001/XMLSchema#',NULL,NULL);
INSERT INTO datatypes VALUES('http://www.w3.org/2001/XMLSchema#gMonthDay','http://www.w3.org/2001/XMLSchema#',NULL,NULL);
INSERT INTO datatypes VALUES('http://www.w3.org/2001/XMLSchema#gYear','http://www.w3.org/2001/XMLSchema#',NULL,NULL);
INSERT INTO datatypes VALUES('http://www.w3.org/2001/XMLSchema#gYearMonth','http://www.w3.org/2001/XMLSchema#',NULL,NULL);
INSERT INTO datatypes VALUES('http://www.w3.org/2001/XMLSchema#date','http://www.w3.org/2001/XMLSchema#',NULL,NULL);
INSERT INTO datatypes VALUES('http://www.w3.org/2001/XMLSchema#time','http://www.w3.org/2001/XMLSchema#',NULL,NULL);
INSERT INTO datatypes VALUES('http://www.w3.org/2001/XMLSchema#dateTime','http://www.w3.org/2001/XMLSchema#',NULL,NULL);
INSERT INTO datatypes VALUES('http://www.w3.org/2001/XMLSchema#double','http://www.w3.org/2001/XMLSchema#',NULL,NULL);
INSERT INTO datatypes VALUES('http://www.w3.org/2001/XMLSchema#float','http://www.w3.org/2001/XMLSchema#',NULL,NULL);
INSERT INTO datatypes VALUES('http://www.w3.org/2001/XMLSchema#decimal','http://www.w3.org/2001/XMLSchema#',NULL,NULL);
INSERT INTO datatypes VALUES('http://www.w3.org/2001/XMLSchema#boolean','http://www.w3.org/2001/XMLSchema#',NULL,'Boolean represents the values of two-valued logic.');
INSERT INTO datatypes VALUES('http://www.w3.org/2001/XMLSchema#string','http://www.w3.org/2001/XMLSchema#',NULL,'The string datatype represents character strings in XML.');
INSERT INTO datatypes VALUES('http://purl.org/dc/terms/W3CDTF','http://purl.org/dc/terms/',NULL,'The set of dates and times constructed according to the W3C Date and Time Formats Specification.');
INSERT INTO datatypes VALUES('http://purl.org/dc/terms/URI','http://purl.org/dc/terms/',NULL,'The set of identifiers constructed according to the generic syntax for Uniform Resource Identifiers as specified by the Internet Engineering Task Force.');
INSERT INTO datatypes VALUES('http://purl.org/dc/terms/RFC5646','http://purl.org/dc/terms/','RFC 5646 obsoletes RFC 4646.','The set of tags constructed according to RFC 5646 for the identification of languages.');
INSERT INTO datatypes VALUES('http://purl.org/dc/terms/RFC4646','http://purl.org/dc/terms/','RFC 4646 obsoletes RFC 3066.','The set of tags constructed according to RFC 4646 for the identification of languages.');
INSERT INTO datatypes VALUES('http://purl.org/dc/terms/RFC3066','http://purl.org/dc/terms/','RFC 3066 has been obsoleted by RFC 4646.','The set of tags constructed according to RFC 3066 for the identification of languages.');
INSERT INTO datatypes VALUES('http://purl.org/dc/terms/RFC1766','http://purl.org/dc/terms/',NULL,'The set of tags, constructed according to RFC 1766, for the identification of languages.');
INSERT INTO datatypes VALUES('http://purl.org/dc/terms/Point','http://purl.org/dc/terms/',NULL,'The set of points in space defined by their geographic coordinates according to the DCMI Point Encoding Scheme.');
INSERT INTO datatypes VALUES('http://purl.org/dc/terms/Period','http://purl.org/dc/terms/',NULL,'The set of time intervals defined by their limits according to the DCMI Period Encoding Scheme.');
INSERT INTO datatypes VALUES('http://purl.org/dc/terms/ISO639-3','http://purl.org/dc/terms/',NULL,'The set of three-letter codes listed in ISO 639-3 for the representation of names of languages.');
INSERT INTO datatypes VALUES('http://purl.org/dc/terms/ISO639-2','http://purl.org/dc/terms/',NULL,'The three-letter alphabetic codes listed in ISO639-2 for the representation of names of languages.');
INSERT INTO datatypes VALUES('http://purl.org/dc/terms/ISO3166','http://purl.org/dc/terms/',NULL,'The set of codes listed in ISO 3166-1 for the representation of names of countries.');
INSERT INTO datatypes VALUES('http://purl.org/dc/terms/Box','http://purl.org/dc/terms/',NULL,'The set of regions in space defined by their geographic coordinates according to the DCMI Box Encoding Scheme.');
INSERT INTO datatypes VALUES('http://www.w3.org/1999/02/22-rdf-syntax-ns#XMLLiteral','http://www.w3.org/1999/02/22-rdf-syntax-ns#',NULL,'The datatype of XML literal values.');
INSERT INTO datatypes VALUES('http://www.w3.org/1999/02/22-rdf-syntax-ns#PlainLiteral','http://www.w3.org/1999/02/22-rdf-syntax-ns#',NULL,'The class of plain (i.e. untyped) literal values, as used in RIF and OWL 2');
INSERT INTO datatypes VALUES('http://www.w3.org/1999/02/22-rdf-syntax-ns#langString','http://www.w3.org/1999/02/22-rdf-syntax-ns#',NULL,'The datatype of language-tagged string values');
INSERT INTO datatypes VALUES('http://www.w3.org/1999/02/22-rdf-syntax-ns#HTML','http://www.w3.org/1999/02/22-rdf-syntax-ns#',NULL,'The datatype of RDF literals storing fragments of HTML content');
CREATE TABLE labels (
  id        TEXT NOT NULL,
  language  TEXT NOT NULL COLLATE NOCASE,
  label     TEXT NOT NULL,

  PRIMARY KEY (id, language),

  CHECK (id != '' AND label != ''),
  CHECK (language != '' AND language = trim(lower(language)))
) WITHOUT ROWID;
INSERT INTO labels VALUES('http://purl.org/dc/elements/1.1/contributor','en','Contributor');
INSERT INTO labels VALUES('http://purl.org/dc/elements/1.1/coverage','en','Coverage');
INSERT INTO labels VALUES('http://purl.org/dc/elements/1.1/creator','en','Creator');
INSERT INTO labels VALUES('http://purl.org/dc/elements/1.1/date','en','Date');
INSERT INTO labels VALUES('http://purl.org/dc/elements/1.1/description','en','Description');
INSERT INTO labels VALUES('http://purl.org/dc/elements/1.1/format','en','Format');
INSERT INTO labels VALUES('http://purl.org/dc/elements/1.1/identifier','en','Identifier');
INSERT INTO labels VALUES('http://purl.org/dc/elements/1.1/language','en','Language');
INSERT INTO labels VALUES('http://purl.org/dc/elements/1.1/publisher','en','Publisher');
INSERT INTO labels VALUES('http://purl.org/dc/elements/1.1/relation','en','Relation');
INSERT INTO labels VALUES('http://purl.org/dc/elements/1.1/rights','en','Rights');
INSERT INTO labels VALUES('http://purl.org/dc/elements/1.1/source','en','Source');
INSERT INTO labels VALUES('http://purl.org/dc/elements/1.1/subject','en','Subject');
INSERT INTO labels VALUES('http://purl.org/dc/elements/1.1/title','en','Title');
INSERT INTO labels VALUES('http://purl.org/dc/elements/1.1/type','en','Type');
INSERT INTO labels VALUES('http://purl.org/dc/terms/Agent','en','Agent');
INSERT INTO labels VALUES('http://purl.org/dc/terms/AgentClass','en','Agent Class');
INSERT INTO labels VALUES('http://purl.org/dc/terms/BibliographicResource','en','Bibliographic Resource');
INSERT INTO labels VALUES('http://purl.org/dc/terms/Box','en','DCMI Box');
INSERT INTO labels VALUES('http://purl.org/dc/terms/FileFormat','en','File Format');
INSERT INTO labels VALUES('http://purl.org/dc/terms/Frequency','en','Frequency');
INSERT INTO labels VALUES('http://purl.org/dc/terms/ISO3166','en','ISO 3166');
INSERT INTO labels VALUES('http://purl.org/dc/terms/ISO639-2','en','ISO 639-2');
INSERT INTO labels VALUES('http://purl.org/dc/terms/ISO639-3','en','ISO 639-3');
INSERT INTO labels VALUES('http://purl.org/dc/terms/Jurisdiction','en','Jurisdiction');
INSERT INTO labels VALUES('http://purl.org/dc/terms/LicenseDocument','en','License Document');
INSERT INTO labels VALUES('http://purl.org/dc/terms/LinguisticSystem','en','Linguistic System');
INSERT INTO labels VALUES('http://purl.org/dc/terms/Location','en','Location');
INSERT INTO labels VALUES('http://purl.org/dc/terms/LocationPeriodOrJurisdiction','en','Location, Period, or Jurisdiction');
INSERT INTO labels VALUES('http://purl.org/dc/terms/MediaType','en','Media Type');
INSERT INTO labels VALUES('http://purl.org/dc/terms/MediaTypeOrExtent','en','Media Type or Extent');
INSERT INTO labels VALUES('http://purl.org/dc/terms/MethodOfAccrual','en','Method of Accrual');
INSERT INTO labels VALUES('http://purl.org/dc/terms/MethodOfInstruction','en','Method of Instruction');
INSERT INTO labels VALUES('http://purl.org/dc/terms/Period','en','DCMI Period');
INSERT INTO labels VALUES('http://purl.org/dc/terms/PeriodOfTime','en','Period of Time');
INSERT INTO labels VALUES('http://purl.org/dc/terms/PhysicalMedium','en','Physical Medium');
INSERT INTO labels VALUES('http://purl.org/dc/terms/PhysicalResource','en','Physical Resource');
INSERT INTO labels VALUES('http://purl.org/dc/terms/Point','en','DCMI Point');
INSERT INTO labels VALUES('http://purl.org/dc/terms/Policy','en','Policy');
INSERT INTO labels VALUES('http://purl.org/dc/terms/ProvenanceStatement','en','Provenance Statement');
INSERT INTO labels VALUES('http://purl.org/dc/terms/RFC1766','en','RFC 1766');
INSERT INTO labels VALUES('http://purl.org/dc/terms/RFC3066','en','RFC 3066');
INSERT INTO labels VALUES('http://purl.org/dc/terms/RFC4646','en','RFC 4646');
INSERT INTO labels VALUES('http://purl.org/dc/terms/RFC5646','en','RFC 5646');
INSERT INTO labels VALUES('http://purl.org/dc/terms/RightsStatement','en','Rights Statement');
INSERT INTO labels VALUES('http://purl.org/dc/terms/SizeOrDuration','en','Size or Duration');
INSERT INTO labels VALUES('http://purl.org/dc/terms/Standard','en','Standard');
INSERT INTO labels VALUES('http://purl.org/dc/terms/URI','en','URI');
INSERT INTO labels VALUES('http://purl.org/dc/terms/W3CDTF','en','W3C-DTF');
INSERT INTO labels VALUES('http://purl.org/dc/terms/abstract','en','Abstract');
INSERT INTO labels VALUES('http://purl.org/dc/terms/accessRights','en','Access Rights');
INSERT INTO labels VALUES('http://purl.org/dc/terms/accrualMethod','en','Accrual Method');
INSERT INTO labels VALUES('http://purl.org/dc/terms/accrualPeriodicity','en','Accrual Periodicity');
INSERT INTO labels VALUES('http://purl.org/dc/terms/accrualPolicy','en','Accrual Policy');
INSERT INTO labels VALUES('http://purl.org/dc/terms/alternative','en','Alternative Title');
INSERT INTO labels VALUES('http://purl.org/dc/terms/audience','en','Audience');
INSERT INTO labels VALUES('http://purl.org/dc/terms/available','en','Date Available');
INSERT INTO labels VALUES('http://purl.org/dc/terms/bibliographicCitation','en','Bibliographic Citation');
INSERT INTO labels VALUES('http://purl.org/dc/terms/conformsTo','en','Conforms To');
INSERT INTO labels VALUES('http://purl.org/dc/terms/contributor','en','Contributor');
INSERT INTO labels VALUES('http://purl.org/dc/terms/coverage','en','Coverage');
INSERT INTO labels VALUES('http://purl.org/dc/terms/created','en','Date Created');
INSERT INTO labels VALUES('http://purl.org/dc/terms/creator','en','Creator');
INSERT INTO labels VALUES('http://purl.org/dc/terms/date','en','Date');
INSERT INTO labels VALUES('http://purl.org/dc/terms/dateAccepted','en','Date Accepted');
INSERT INTO labels VALUES('http://purl.org/dc/terms/dateCopyrighted','en','Date Copyrighted');
INSERT INTO labels VALUES('http://purl.org/dc/terms/dateSubmitted','en','Date Submitted');
INSERT INTO labels VALUES('http://purl.org/dc/terms/description','en','Description');
INSERT INTO labels VALUES('http://purl.org/dc/terms/educationLevel','en','Audience Education Level');
INSERT INTO labels VALUES('http://purl.org/dc/terms/extent','en','Extent');
INSERT INTO labels VALUES('http://purl.org/dc/terms/format','en','Format');
INSERT INTO labels VALUES('http://purl.org/dc/terms/hasFormat','en','Has Format');
INSERT INTO labels VALUES('http://purl.org/dc/terms/hasPart','en','Has Part');
INSERT INTO labels VALUES('http://purl.org/dc/terms/hasVersion','en','Has Version');
INSERT INTO labels VALUES('http://purl.org/dc/terms/identifier','en','Identifier');
INSERT INTO labels VALUES('http://purl.org/dc/terms/instructionalMethod','en','Instructional Method');
INSERT INTO labels VALUES('http://purl.org/dc/terms/isFormatOf','en','Is Format Of');
INSERT INTO labels VALUES('http://purl.org/dc/terms/isPartOf','en','Is Part Of');
INSERT INTO labels VALUES('http://purl.org/dc/terms/isReferencedBy','en','Is Referenced By');
INSERT INTO labels VALUES('http://purl.org/dc/terms/isReplacedBy','en','Is Replaced By');
INSERT INTO labels VALUES('http://purl.org/dc/terms/isRequiredBy','en','Is Required By');
INSERT INTO labels VALUES('http://purl.org/dc/terms/isVersionOf','en','Is Version Of');
INSERT INTO labels VALUES('http://purl.org/dc/terms/issued','en','Date Issued');
INSERT INTO labels VALUES('http://purl.org/dc/terms/language','en','Language');
INSERT INTO labels VALUES('http://purl.org/dc/terms/license','en','License');
INSERT INTO labels VALUES('http://purl.org/dc/terms/mediator','en','Mediator');
INSERT INTO labels VALUES('http://purl.org/dc/terms/medium','en','Medium');
INSERT INTO labels VALUES('http://purl.org/dc/terms/modified','en','Date Modified');
INSERT INTO labels VALUES('http://purl.org/dc/terms/provenance','en','Provenance');
INSERT INTO labels VALUES('http://purl.org/dc/terms/publisher','en','Publisher');
INSERT INTO labels VALUES('http://purl.org/dc/terms/references','en','References');
INSERT INTO labels VALUES('http://purl.org/dc/terms/relation','en','Relation');
INSERT INTO labels VALUES('http://purl.org/dc/terms/replaces','en','Replaces');
INSERT INTO labels VALUES('http://purl.org/dc/terms/requires','en','Requires');
INSERT INTO labels VALUES('http://purl.org/dc/terms/rights','en','Rights');
INSERT INTO labels VALUES('http://purl.org/dc/terms/rightsHolder','en','Rights Holder');
INSERT INTO labels VALUES('http://purl.org/dc/terms/source','en','Source');
INSERT INTO labels VALUES('http://purl.org/dc/terms/spatial','en','Spatial Coverage');
INSERT INTO labels VALUES('http://purl.org/dc/terms/subject','en','Subject');
INSERT INTO labels VALUES('http://purl.org/dc/terms/tableOfContents','en','Table Of Contents');
INSERT INTO labels VALUES('http://purl.org/dc/terms/temporal','en','Temporal Coverage');
INSERT INTO labels VALUES('http://purl.org/dc/terms/title','en','Title');
INSERT INTO labels VALUES('http://purl.org/dc/terms/type','en','Type');
INSERT INTO labels VALUES('http://purl.org/dc/terms/valid','en','Date Valid');
INSERT INTO labels VALUES('http://www.europeana.eu/schemas/edm/Agent','en','Agent');
INSERT INTO labels VALUES('http://www.europeana.eu/schemas/edm/EuropeanaAggregation','en','Europeana Aggregation');
INSERT INTO labels VALUES('http://www.europeana.eu/schemas/edm/EuropeanaObject','en','Europeana Object');
INSERT INTO labels VALUES('http://www.europeana.eu/schemas/edm/Event','en','Event');
INSERT INTO labels VALUES('http://www.europeana.eu/schemas/edm/InformationResource','en','Information Resource');
INSERT INTO labels VALUES('http://www.europeana.eu/schemas/edm/NonInformationResource','en','Non-Information Resource');
INSERT INTO labels VALUES('http://www.europeana.eu/schemas/edm/PhysicalThing','en','Physical Thing');
INSERT INTO labels VALUES('http://www.europeana.eu/schemas/edm/Place','en','Place');
INSERT INTO labels VALUES('http://www.europeana.eu/schemas/edm/ProvidedCHO','en','Provided CHO');
INSERT INTO labels VALUES('http://www.europeana.eu/schemas/edm/TimeSpan','en','Time Span');
INSERT INTO labels VALUES('http://www.europeana.eu/schemas/edm/WebResource','en','Web Resource');
INSERT INTO labels VALUES('http://www.europeana.eu/schemas/edm/aggregatedCHO','en','Aggregated Cultural Heritage Object');
INSERT INTO labels VALUES('http://www.europeana.eu/schemas/edm/country','en','Country');
INSERT INTO labels VALUES('http://www.europeana.eu/schemas/edm/currentLocation','en','Current Location');
INSERT INTO labels VALUES('http://www.europeana.eu/schemas/edm/dataProvider','en','Europeana Data Provider');
INSERT INTO labels VALUES('http://www.europeana.eu/schemas/edm/happenedAt','en','Happened At');
INSERT INTO labels VALUES('http://www.europeana.eu/schemas/edm/hasMet','en','Has Met');
INSERT INTO labels VALUES('http://www.europeana.eu/schemas/edm/hasType','en','Has Type');
INSERT INTO labels VALUES('http://www.europeana.eu/schemas/edm/hasView','en','Has View');
INSERT INTO labels VALUES('http://www.europeana.eu/schemas/edm/incorporates','en','Incorporates');
INSERT INTO labels VALUES('http://www.europeana.eu/schemas/edm/isAnnotationOf','en','Is Annotation Of');
INSERT INTO labels VALUES('http://www.europeana.eu/schemas/edm/isDerivativeOf','en','Is Derivative Of');
INSERT INTO labels VALUES('http://www.europeana.eu/schemas/edm/isNextInSequence','en','Is Next In Sequence Of');
INSERT INTO labels VALUES('http://www.europeana.eu/schemas/edm/isRelatedTo','en','Is Related To');
INSERT INTO labels VALUES('http://www.europeana.eu/schemas/edm/isRepresentationOf','en','Is Representation Of');
INSERT INTO labels VALUES('http://www.europeana.eu/schemas/edm/isShownAt','en','Is Shown At');
INSERT INTO labels VALUES('http://www.europeana.eu/schemas/edm/isShownBy','en','Is Shown By');
INSERT INTO labels VALUES('http://www.europeana.eu/schemas/edm/isSimilarTo','en','Is Similar To');
INSERT INTO labels VALUES('http://www.europeana.eu/schemas/edm/isSuccessorOf','en','Is Successor Of');
INSERT INTO labels VALUES('http://www.europeana.eu/schemas/edm/landingPage','en','Landing Page');
INSERT INTO labels VALUES('http://www.europeana.eu/schemas/edm/language','en','Europeana Language');
INSERT INTO labels VALUES('http://www.europeana.eu/schemas/edm/object','en','Object');
INSERT INTO labels VALUES('http://www.europeana.eu/schemas/edm/occurredAt','en','Occured At');
INSERT INTO labels VALUES('http://www.europeana.eu/schemas/edm/preview','en','Preview');
INSERT INTO labels VALUES('http://www.europeana.eu/schemas/edm/provider','en','Europeana Provider');
INSERT INTO labels VALUES('http://www.europeana.eu/schemas/edm/realizes','en','Realizes');
INSERT INTO labels VALUES('http://www.europeana.eu/schemas/edm/rights','en','Europeana Rights');
INSERT INTO labels VALUES('http://www.europeana.eu/schemas/edm/unstored','en','Unstored');
INSERT INTO labels VALUES('http://www.europeana.eu/schemas/edm/uri','en','Europeana URI');
INSERT INTO labels VALUES('http://www.europeana.eu/schemas/edm/userTag','en','User Tag');
INSERT INTO labels VALUES('http://www.europeana.eu/schemas/edm/wasPresentAt','en','Was Present At');
INSERT INTO labels VALUES('http://www.europeana.eu/schemas/edm/year','en','Europeana Year');
INSERT INTO labels VALUES('http://www.openarchives.org/ore/terms/AggregatedResource','en','Aggregated Resource');
INSERT INTO labels VALUES('http://www.openarchives.org/ore/terms/Aggregation','en','Aggregation');
INSERT INTO labels VALUES('http://www.openarchives.org/ore/terms/Proxy','en','Proxy');
INSERT INTO labels VALUES('http://www.openarchives.org/ore/terms/ResourceMap','en','Resource Map');
INSERT INTO labels VALUES('http://www.openarchives.org/ore/terms/aggregates','en','Aggregates');
INSERT INTO labels VALUES('http://www.openarchives.org/ore/terms/describes','en','Describes');
INSERT INTO labels VALUES('http://www.openarchives.org/ore/terms/isAggregatedBy','en','Is Aggregated By');
INSERT INTO labels VALUES('http://www.openarchives.org/ore/terms/isDescribedBy','en','Is Described By');
INSERT INTO labels VALUES('http://www.openarchives.org/ore/terms/lineage','en','Lineage');
INSERT INTO labels VALUES('http://www.openarchives.org/ore/terms/proxyFor','en','Proxy For');
INSERT INTO labels VALUES('http://www.openarchives.org/ore/terms/proxyIn','en','Proxy In');
INSERT INTO labels VALUES('http://www.openarchives.org/ore/terms/similarTo','en','Similar To');
INSERT INTO labels VALUES('http://www.w3.org/1999/02/22-rdf-syntax-ns#Alt','en','Alt');
INSERT INTO labels VALUES('http://www.w3.org/1999/02/22-rdf-syntax-ns#Bag','en','Bag');
INSERT INTO labels VALUES('http://www.w3.org/1999/02/22-rdf-syntax-ns#HTML','en','HTML');
INSERT INTO labels VALUES('http://www.w3.org/1999/02/22-rdf-syntax-ns#List','en','List');
INSERT INTO labels VALUES('http://www.w3.org/1999/02/22-rdf-syntax-ns#PlainLiteral','en','PlainLiteral');
INSERT INTO labels VALUES('http://www.w3.org/1999/02/22-rdf-syntax-ns#Property','en','Property');
INSERT INTO labels VALUES('http://www.w3.org/1999/02/22-rdf-syntax-ns#Seq','en','Seq');
INSERT INTO labels VALUES('http://www.w3.org/1999/02/22-rdf-syntax-ns#Statement','en','Statement');
INSERT INTO labels VALUES('http://www.w3.org/1999/02/22-rdf-syntax-ns#XMLLiteral','en','XMLLiteral');
INSERT INTO labels VALUES('http://www.w3.org/1999/02/22-rdf-syntax-ns#first','en','first');
INSERT INTO labels VALUES('http://www.w3.org/1999/02/22-rdf-syntax-ns#langString','en','langString');
INSERT INTO labels VALUES('http://www.w3.org/1999/02/22-rdf-syntax-ns#object','en','object');
INSERT INTO labels VALUES('http://www.w3.org/1999/02/22-rdf-syntax-ns#predicate','en','predicate');
INSERT INTO labels VALUES('http://www.w3.org/1999/02/22-rdf-syntax-ns#rest','en','rest');
INSERT INTO labels VALUES('http://www.w3.org/1999/02/22-rdf-syntax-ns#subject','en','subject');
INSERT INTO labels VALUES('http://www.w3.org/1999/02/22-rdf-syntax-ns#type','en','type');
INSERT INTO labels VALUES('http://www.w3.org/1999/02/22-rdf-syntax-ns#value','en','value');
INSERT INTO labels VALUES('http://www.w3.org/2000/01/rdf-schema#Class','en','Class');
INSERT INTO labels VALUES('http://www.w3.org/2000/01/rdf-schema#Container','en','Container');
INSERT INTO labels VALUES('http://www.w3.org/2000/01/rdf-schema#ContainerMembershipProperty','en','ContainerMembershipProperty');
INSERT INTO labels VALUES('http://www.w3.org/2000/01/rdf-schema#Datatype','en','Datatype');
INSERT INTO labels VALUES('http://www.w3.org/2000/01/rdf-schema#Literal','en','Literal');
INSERT INTO labels VALUES('http://www.w3.org/2000/01/rdf-schema#Resource','en','Resource');
INSERT INTO labels VALUES('http://www.w3.org/2000/01/rdf-schema#comment','en','comment');
INSERT INTO labels VALUES('http://www.w3.org/2000/01/rdf-schema#domain','en','domain');
INSERT INTO labels VALUES('http://www.w3.org/2000/01/rdf-schema#isDefinedBy','en','isDefinedBy');
INSERT INTO labels VALUES('http://www.w3.org/2000/01/rdf-schema#label','en','label');
INSERT INTO labels VALUES('http://www.w3.org/2000/01/rdf-schema#member','en','member');
INSERT INTO labels VALUES('http://www.w3.org/2000/01/rdf-schema#range','en','range');
INSERT INTO labels VALUES('http://www.w3.org/2000/01/rdf-schema#seeAlso','en','seeAlso');
INSERT INTO labels VALUES('http://www.w3.org/2000/01/rdf-schema#subClassOf','en','subClassOf');
INSERT INTO labels VALUES('http://www.w3.org/2000/01/rdf-schema#subPropertyOf','en','subPropertyOf');
INSERT INTO labels VALUES('http://www.w3.org/2001/XMLSchema#boolean','en','Boolean');
INSERT INTO labels VALUES('http://www.w3.org/2001/XMLSchema#decimal','en','Decimal');
INSERT INTO labels VALUES('http://www.w3.org/2001/XMLSchema#double','en','Double');
INSERT INTO labels VALUES('http://www.w3.org/2001/XMLSchema#float','en','Float');
INSERT INTO labels VALUES('http://www.w3.org/2001/XMLSchema#string','en','String');
INSERT INTO labels VALUES('http://www.w3.org/2004/02/skos/core#Collection','en','Collection');
INSERT INTO labels VALUES('http://www.w3.org/2004/02/skos/core#Concept','en','Concept');
INSERT INTO labels VALUES('http://www.w3.org/2004/02/skos/core#ConceptScheme','en','Concept Scheme');
INSERT INTO labels VALUES('http://www.w3.org/2004/02/skos/core#OrderedCollection','en','Ordered Collection');
INSERT INTO labels VALUES('http://www.w3.org/2004/02/skos/core#altLabel','en','alternative label');
INSERT INTO labels VALUES('http://www.w3.org/2004/02/skos/core#broadMatch','en','has broader match');
INSERT INTO labels VALUES('http://www.w3.org/2004/02/skos/core#broader','en','has broader');
INSERT INTO labels VALUES('http://www.w3.org/2004/02/skos/core#broaderTransitive','en','has broader transitive');
INSERT INTO labels VALUES('http://www.w3.org/2004/02/skos/core#changeNote','en','change note');
INSERT INTO labels VALUES('http://www.w3.org/2004/02/skos/core#closeMatch','en','has close match');
INSERT INTO labels VALUES('http://www.w3.org/2004/02/skos/core#definition','en','definition');
INSERT INTO labels VALUES('http://www.w3.org/2004/02/skos/core#editorialNote','en','editorial note');
INSERT INTO labels VALUES('http://www.w3.org/2004/02/skos/core#exactMatch','en','has exact match');
INSERT INTO labels VALUES('http://www.w3.org/2004/02/skos/core#example','en','example');
INSERT INTO labels VALUES('http://www.w3.org/2004/02/skos/core#hasTopConcept','en','has top concept');
INSERT INTO labels VALUES('http://www.w3.org/2004/02/skos/core#hiddenLabel','en','hidden label');
INSERT INTO labels VALUES('http://www.w3.org/2004/02/skos/core#historyNote','en','history note');
INSERT INTO labels VALUES('http://www.w3.org/2004/02/skos/core#inScheme','en','is in scheme');
INSERT INTO labels VALUES('http://www.w3.org/2004/02/skos/core#mappingRelation','en','is in mapping relation with');
INSERT INTO labels VALUES('http://www.w3.org/2004/02/skos/core#member','en','has member');
INSERT INTO labels VALUES('http://www.w3.org/2004/02/skos/core#memberList','en','has member list');
INSERT INTO labels VALUES('http://www.w3.org/2004/02/skos/core#narrowMatch','en','has narrower match');
INSERT INTO labels VALUES('http://www.w3.org/2004/02/skos/core#narrower','en','has narrower');
INSERT INTO labels VALUES('http://www.w3.org/2004/02/skos/core#narrowerTransitive','en','has narrower transitive');
INSERT INTO labels VALUES('http://www.w3.org/2004/02/skos/core#notation','en','notation');
INSERT INTO labels VALUES('http://www.w3.org/2004/02/skos/core#note','en','note');
INSERT INTO labels VALUES('http://www.w3.org/2004/02/skos/core#prefLabel','en','preferred label');
INSERT INTO labels VALUES('http://www.w3.org/2004/02/skos/core#related','en','has related');
INSERT INTO labels VALUES('http://www.w3.org/2004/02/skos/core#relatedMatch','en','has related match');
INSERT INTO labels VALUES('http://www.w3.org/2004/02/skos/core#scopeNote','en','scope note');
INSERT INTO labels VALUES('http://www.w3.org/2004/02/skos/core#semanticRelation','en','is in semantic relation with');
INSERT INTO labels VALUES('http://www.w3.org/2004/02/skos/core#topConceptOf','en','is top concept in scheme');
INSERT INTO labels VALUES('https://tropy.org/v1/tropy#Field','en','Template Field');
INSERT INTO labels VALUES('https://tropy.org/v1/tropy#Item','en','Item');
INSERT INTO labels VALUES('https://tropy.org/v1/tropy#Note','en','Note');
INSERT INTO labels VALUES('https://tropy.org/v1/tropy#Photo','en','Photo');
INSERT INTO labels VALUES('https://tropy.org/v1/tropy#Selection','en','Selection');
INSERT INTO labels VALUES('https://tropy.org/v1/tropy#Template','en','Template');
INSERT INTO labels VALUES('https://tropy.org/v1/tropy#box','en','Box');
INSERT INTO labels VALUES('https://tropy.org/v1/tropy#collection','en','Collection');
INSERT INTO labels VALUES('https://tropy.org/v1/tropy#constant','en','Constant');
INSERT INTO labels VALUES('https://tropy.org/v1/tropy#datatype','en','Datatype');
INSERT INTO labels VALUES('https://tropy.org/v1/tropy#date','en','Date');
INSERT INTO labels VALUES('https://tropy.org/v1/tropy#domain','en','Domain');
INSERT INTO labels VALUES('https://tropy.org/v1/tropy#field','en','Field');
INSERT INTO labels VALUES('https://tropy.org/v1/tropy#folder','en','Folder');
INSERT INTO labels VALUES('https://tropy.org/v1/tropy#hint','en','Hint');
INSERT INTO labels VALUES('https://tropy.org/v1/tropy#isRequired','en','Is required');
INSERT INTO labels VALUES('https://tropy.org/v1/tropy#name','en','Name');
INSERT INTO labels VALUES('https://tropy.org/v1/tropy#photo','en','Photo');
INSERT INTO labels VALUES('https://tropy.org/v1/tropy#piece','en','Piece');
INSERT INTO labels VALUES('https://tropy.org/v1/tropy#property','en','Property');
INSERT INTO labels VALUES('https://tropy.org/v1/tropy#selection','en','Photo Selection');
INSERT INTO labels VALUES('https://tropy.org/v1/tropy#template','en','Template');
INSERT INTO labels VALUES('https://tropy.org/v1/tropy#template-type','en','Type');
CREATE TABLE templates (
  template_id    TEXT     NOT NULL PRIMARY KEY,
  template_type  TEXT     NOT NULL DEFAULT 'item',
  name           TEXT     NOT NULL,
  description    TEXT,
  creator        TEXT,
  protected      BOOLEAN  NOT NULL DEFAULT 0,
  created        NUMERIC  NOT NULL DEFAULT CURRENT_TIMESTAMP,
  modified       NUMERIC  NOT NULL DEFAULT CURRENT_TIMESTAMP, version TEXT,

  CHECK (template_id != ''),
  CHECK (template_type IN (
    'https://tropy.org/v1/tropy#Item',
    'https://tropy.org/v1/tropy#Photo',
    'https://tropy.org/v1/tropy#Selection'
  ))
  CHECK (name != '')
);
INSERT INTO templates VALUES('https://tropy.org/v1/templates/generic','https://tropy.org/v1/tropy#Item','Tropy Generic','General template to fit a generic archival object','RRCHNM',1,'2017-10-27 21:28:19','2017-10-27 21:28:19','1.0.0');
INSERT INTO templates VALUES('https:/tropy.org/v1/templates/correspondence','https://tropy.org/v1/tropy#Item','Tropy Correspondence','Template meant to focus on correspondence','RRCHNM',1,'2017-10-27 21:28:19','2017-10-27 21:28:19','1.0.0');
INSERT INTO templates VALUES('https:/tropy.org/v1/templates/dc','https://tropy.org/v1/tropy#Item','Dublin Core','Generic template based on the Dublic Core Metadata Element Set','RRCHNM',1,'2017-10-27 21:28:19','2017-10-27 21:28:19','1.0.0');
INSERT INTO templates VALUES('https://tropy.org/v1/templates/photo','https://tropy.org/v1/tropy#Photo','Tropy Photo',NULL,NULL,1,'2017-10-27 21:28:19','2017-10-27 21:28:19','1.0.0');
INSERT INTO templates VALUES('https://tropy.org/v1/templates/selection','https://tropy.org/v1/tropy#Selection','Tropy Photo Selection',NULL,NULL,1,'2017-10-27 21:28:19','2017-10-27 21:28:19','1.0.0');
CREATE TABLE domains (
  domain_id     INTEGER   PRIMARY KEY,
  template_id   TEXT      NOT NULL REFERENCES templates ON DELETE CASCADE,
  class_id      TEXT      NOT NULL,
  position      INTEGER,

  CHECK (class_id != ''),
  UNIQUE (template_id, class_id)
);
CREATE TABLE fields (
  field_id      INTEGER   PRIMARY KEY,
  template_id   TEXT      NOT NULL REFERENCES templates ON DELETE CASCADE,
  property_id   TEXT      NOT NULL,
  datatype_id   TEXT      NOT NULL,
  required      BOOLEAN   NOT NULL DEFAULT 0,
  constant      BOOLEAN   NOT NULL DEFAULT 0,
  hint          TEXT,
  value         TEXT,
  position      INTEGER,

  CHECK (datatype_id != ''),
  CHECK (property_id != ''),
  UNIQUE (template_id, property_id)
);
INSERT INTO fields VALUES(1,'https://tropy.org/v1/templates/generic','http://purl.org/dc/elements/1.1/title','http://www.w3.org/2001/XMLSchema#string',0,0,NULL,NULL,0);
INSERT INTO fields VALUES(2,'https://tropy.org/v1/templates/generic','http://purl.org/dc/elements/1.1/creator','http://www.w3.org/2001/XMLSchema#string',0,0,'Author or creator',NULL,1);
INSERT INTO fields VALUES(3,'https://tropy.org/v1/templates/generic','http://purl.org/dc/elements/1.1/date','https://tropy.org/v1/tropy#date',0,0,'ISO format',NULL,2);
INSERT INTO fields VALUES(4,'https://tropy.org/v1/templates/generic','http://purl.org/dc/elements/1.1/type','http://www.w3.org/2001/XMLSchema#string',0,0,'Type of document or object',NULL,3);
INSERT INTO fields VALUES(5,'https://tropy.org/v1/templates/generic','http://purl.org/dc/elements/1.1/source','http://www.w3.org/2001/XMLSchema#string',0,0,'Name of the holding archive',NULL,4);
INSERT INTO fields VALUES(6,'https://tropy.org/v1/templates/generic','https://tropy.org/v1/tropy#collection','http://www.w3.org/2001/XMLSchema#string',0,0,NULL,NULL,5);
INSERT INTO fields VALUES(7,'https://tropy.org/v1/templates/generic','https://tropy.org/v1/tropy#box','http://www.w3.org/2001/XMLSchema#string',0,0,NULL,NULL,6);
INSERT INTO fields VALUES(8,'https://tropy.org/v1/templates/generic','https://tropy.org/v1/tropy#folder','http://www.w3.org/2001/XMLSchema#string',0,0,NULL,NULL,7);
INSERT INTO fields VALUES(9,'https://tropy.org/v1/templates/generic','http://purl.org/dc/elements/1.1/identifier','http://www.w3.org/2001/XMLSchema#string',0,0,'URL or call number',NULL,8);
INSERT INTO fields VALUES(10,'https://tropy.org/v1/templates/generic','http://purl.org/dc/elements/1.1/rights','http://www.w3.org/2001/XMLSchema#string',1,0,NULL,NULL,9);
INSERT INTO fields VALUES(11,'https:/tropy.org/v1/templates/correspondence','http://purl.org/dc/elements/1.1/title','http://www.w3.org/2001/XMLSchema#string',0,0,NULL,NULL,0);
INSERT INTO fields VALUES(12,'https:/tropy.org/v1/templates/correspondence','http://purl.org/dc/elements/1.1/creator','http://www.w3.org/2001/XMLSchema#string',0,0,'Author or creator',NULL,1);
INSERT INTO fields VALUES(13,'https:/tropy.org/v1/templates/correspondence','http://purl.org/dc/terms/audience','http://www.w3.org/2001/XMLSchema#string',0,0,NULL,NULL,2);
INSERT INTO fields VALUES(14,'https:/tropy.org/v1/templates/correspondence','http://purl.org/dc/elements/1.1/date','https://tropy.org/v1/tropy#date',0,0,'ISO format',NULL,3);
INSERT INTO fields VALUES(15,'https:/tropy.org/v1/templates/correspondence','http://purl.org/dc/elements/1.1/coverage','http://www.w3.org/2001/XMLSchema#string',0,0,NULL,NULL,4);
INSERT INTO fields VALUES(16,'https:/tropy.org/v1/templates/correspondence','http://purl.org/dc/elements/1.1/type','http://www.w3.org/2001/XMLSchema#string',0,0,'Type of document','Correspondence',5);
INSERT INTO fields VALUES(17,'https:/tropy.org/v1/templates/correspondence','http://purl.org/dc/elements/1.1/source','http://www.w3.org/2001/XMLSchema#string',0,0,'Name of the holding archive',NULL,6);
INSERT INTO fields VALUES(18,'https:/tropy.org/v1/templates/correspondence','https://tropy.org/v1/tropy#collection','http://www.w3.org/2001/XMLSchema#string',0,0,NULL,NULL,7);
INSERT INTO fields VALUES(19,'https:/tropy.org/v1/templates/correspondence','https://tropy.org/v1/tropy#box','http://www.w3.org/2001/XMLSchema#string',0,0,NULL,NULL,8);
INSERT INTO fields VALUES(20,'https:/tropy.org/v1/templates/correspondence','https://tropy.org/v1/tropy#folder','http://www.w3.org/2001/XMLSchema#string',0,0,NULL,NULL,9);
INSERT INTO fields VALUES(21,'https:/tropy.org/v1/templates/correspondence','http://purl.org/dc/elements/1.1/identifier','http://www.w3.org/2001/XMLSchema#string',0,0,'URL or call number',NULL,10);
INSERT INTO fields VALUES(22,'https:/tropy.org/v1/templates/correspondence','http://purl.org/dc/elements/1.1/rights','http://www.w3.org/2001/XMLSchema#string',1,0,NULL,NULL,11);
INSERT INTO fields VALUES(23,'https:/tropy.org/v1/templates/dc','http://purl.org/dc/elements/1.1/title','http://www.w3.org/2001/XMLSchema#string',0,0,NULL,NULL,0);
INSERT INTO fields VALUES(24,'https:/tropy.org/v1/templates/dc','http://purl.org/dc/elements/1.1/creator','http://www.w3.org/2001/XMLSchema#string',0,0,NULL,NULL,1);
INSERT INTO fields VALUES(25,'https:/tropy.org/v1/templates/dc','http://purl.org/dc/elements/1.1/date','https://tropy.org/v1/tropy#date',0,0,NULL,NULL,2);
INSERT INTO fields VALUES(26,'https:/tropy.org/v1/templates/dc','http://purl.org/dc/elements/1.1/type','http://www.w3.org/2001/XMLSchema#string',0,0,NULL,NULL,3);
INSERT INTO fields VALUES(27,'https:/tropy.org/v1/templates/dc','http://purl.org/dc/elements/1.1/source','http://www.w3.org/2001/XMLSchema#string',0,0,NULL,NULL,4);
INSERT INTO fields VALUES(28,'https:/tropy.org/v1/templates/dc','http://purl.org/dc/elements/1.1/identifier','http://www.w3.org/2001/XMLSchema#string',0,0,NULL,NULL,5);
INSERT INTO fields VALUES(29,'https:/tropy.org/v1/templates/dc','http://purl.org/dc/elements/1.1/rights','http://www.w3.org/2001/XMLSchema#string',0,0,NULL,NULL,6);
INSERT INTO fields VALUES(30,'https:/tropy.org/v1/templates/dc','http://purl.org/dc/elements/1.1/subject','http://www.w3.org/2001/XMLSchema#string',0,0,NULL,NULL,7);
INSERT INTO fields VALUES(31,'https:/tropy.org/v1/templates/dc','http://purl.org/dc/elements/1.1/language','http://www.w3.org/2001/XMLSchema#string',0,0,NULL,NULL,8);
INSERT INTO fields VALUES(32,'https:/tropy.org/v1/templates/dc','http://purl.org/dc/elements/1.1/format','http://www.w3.org/2001/XMLSchema#string',0,0,NULL,NULL,9);
INSERT INTO fields VALUES(33,'https:/tropy.org/v1/templates/dc','http://purl.org/dc/elements/1.1/contributor','http://www.w3.org/2001/XMLSchema#string',0,0,NULL,NULL,10);
INSERT INTO fields VALUES(34,'https:/tropy.org/v1/templates/dc','http://purl.org/dc/elements/1.1/description','http://www.w3.org/2001/XMLSchema#string',0,0,NULL,NULL,11);
INSERT INTO fields VALUES(35,'https:/tropy.org/v1/templates/dc','http://purl.org/dc/elements/1.1/publisher','http://www.w3.org/2001/XMLSchema#string',0,0,NULL,NULL,12);
INSERT INTO fields VALUES(36,'https:/tropy.org/v1/templates/dc','http://purl.org/dc/elements/1.1/coverage','http://www.w3.org/2001/XMLSchema#string',0,0,NULL,NULL,13);
INSERT INTO fields VALUES(37,'https:/tropy.org/v1/templates/dc','http://purl.org/dc/elements/1.1/relation','http://www.w3.org/2001/XMLSchema#string',0,0,NULL,NULL,14);
INSERT INTO fields VALUES(38,'https://tropy.org/v1/templates/photo','http://purl.org/dc/elements/1.1/title','http://www.w3.org/2001/XMLSchema#string',0,0,NULL,NULL,0);
INSERT INTO fields VALUES(39,'https://tropy.org/v1/templates/photo','http://purl.org/dc/elements/1.1/date','https://tropy.org/v1/tropy#date',0,0,NULL,NULL,1);
INSERT INTO fields VALUES(40,'https://tropy.org/v1/templates/selection','http://purl.org/dc/elements/1.1/title','http://www.w3.org/2001/XMLSchema#string',0,0,NULL,NULL,0);
CREATE TABLE field_labels (
  field_id  INTEGER  NOT NULL REFERENCES fields ON DELETE CASCADE,
  language  TEXT     NOT NULL COLLATE NOCASE,
  label     TEXT     NOT NULL,

  PRIMARY KEY (field_id, language),

  CHECK (
    label != '' AND language != '' AND language = trim(lower(language))
  )
) WITHOUT ROWID;
INSERT INTO field_labels VALUES(5,'en','Archive');
INSERT INTO field_labels VALUES(12,'en','Author');
INSERT INTO field_labels VALUES(13,'en','Recipient');
INSERT INTO field_labels VALUES(15,'en','Location');
INSERT INTO field_labels VALUES(17,'en','Archive');
COMMIT;
PRAGMA foreign_keys=ON;